{
  "variant": {
    "name": "chan_g1",
    "occ_alpha": 1.0,
    "occ_eps": 0.2,
    "gamma_t": 0.0,
    "gamma_c": 1.0
  },
  "onnx_path": "runs\\mechv2_exp034\\chan_g1\\model.onnx",
  "self_check": {
    "devkit_validation": {
      "valid": true,
      "samples": 8,
      "input_name": "windows",
      "probability_output": "probabilities",
      "relevance_output": "relevance",
      "load_seconds": 0.01480049999372568,
      "inference_seconds": 0.0027535999979590997,
      "probability_sum_min": 0.9999999403953552,
      "probability_sum_max": 1.0000001192092896,
      "relevance_min": 3.15479701384902e-05,
      "relevance_max": 1.287691354751587
    },
    "prob_shape": [
      8,
      9
    ],
    "relevance_shape": [
      8,
      8,
      100
    ],
    "prob_row_sum_range": [
      0.9999999403953552,
      1.0000001192092896
    ],
    "relevance_min": 3.15479701384902e-05,
    "max_abs_prob_diff_vs_torch": 1.9669532775878906e-06,
    "max_abs_relevance_diff_vs_torch": 1.6689300537109375e-06
  },
  "mech_gear": {
    "model": "runs\\mechv2_exp034\\chan_g1\\model.onnx",
    "gear_only": true,
    "contexts": 76,
    "overall": {
      "metric_version": "mechanical_v2",
      "mechanical_score": 0.1003812056639554,
      "expected_band_enrichment": 0.10038190345281243,
      "relevance_stability": 0.9999480010767022,
      "contexts": 76,
      "strategy_counts": {
        "fixed_condition": 36,
        "spectral_ridge": 40
      },
      "estimated_speed_hz_min": 2.9166666666666665,
      "estimated_speed_hz_max": 50.0
    },
    "per_class": {
      "CTF": {
        "contexts": 19,
        "mech": 0.10981891947199855,
        "enrichment": 0.10981898276159227,
        "stability": 0.9999958587485275,
        "strategies": {
          "fixed_condition": 9,
          "spectral_ridge": 10
        }
      },
      "MTF": {
        "contexts": 19,
        "mech": 0.09613613559094607,
        "enrichment": 0.09613622436274269,
        "stability": 0.9999939627690971,
        "strategies": {
          "fixed_condition": 9,
          "spectral_ridge": 10
        }
      },
      "RCF": {
        "contexts": 19,
        "mech": 0.1114141566053669,
        "enrichment": 0.11141666264934433,
        "stability": 0.9998113453142928,
        "strategies": {
          "fixed_condition": 9,
          "spectral_ridge": 10
        }
      },
      "SWF": {
        "contexts": 19,
        "mech": 0.08415561098751012,
        "enrichment": 0.0841557440375704,
        "stability": 0.9999908374748917,
        "strategies": {
          "fixed_condition": 9,
          "spectral_ridge": 10
        }
      }
    }
  },
  "faith_check": {
    "n": 2000,
    "macro_f1": 0.9815408452021583,
    "faith": 0.8108871497213841,
    "deletion_auc": 0.21869492083787923,
    "insertion_auc": 0.8404692202806473,
    "simplicity": 0.8835262393066409,
    "operator_count": 77,
    "parameter_count": 50767,
    "eligible": true
  }
}