{
  "c2_control": {
    "self_check": {
      "devkit_validation": {
        "valid": true,
        "samples": 8,
        "input_name": "windows",
        "probability_output": "probabilities",
        "relevance_output": "relevance",
        "load_seconds": 0.10578410001471639,
        "inference_seconds": 0.00890000001527369,
        "probability_sum_min": 0.9999999403953552,
        "probability_sum_max": 1.0000001192092896,
        "relevance_min": 3.010348154930398e-05,
        "relevance_max": 1654560.75
      },
      "prob_shape": [
        8,
        9
      ],
      "relevance_shape": [
        8,
        8,
        100
      ],
      "prob_row_sum_range": [
        0.9999999403953552,
        1.0000001192092896
      ],
      "relevance_min": 3.010348154930398e-05,
      "max_abs_prob_diff_vs_torch": 2.9616057872772217e-07,
      "max_abs_relevance_diff_vs_torch": 11.125
    },
    "faith_eval": {
      "n": 3000,
      "macro_f1": 0.9648864786500749,
      "faith": 0.879948048479855,
      "deletion_auc": 0.13906668983399867,
      "insertion_auc": 0.8989627867937087,
      "simplicity": 0.8985282759074327,
      "operator_count": 82,
      "parameter_count": 28542,
      "eligible": true
    },
    "mech_gear": {
      "enrichment": 0.42078340293926375,
      "stability": 0.8512459463466743,
      "mech": 0.4002511542447621,
      "per_class": {
        "CTF": {
          "contexts": 19,
          "mech": 0.5533570146339071,
          "enrichment": 0.5690856618378146,
          "stability": 0.9048833739255874,
          "strategies": {
            "fixed_condition": 9,
            "spectral_ridge": 10
          }
        },
        "MTF": {
          "contexts": 19,
          "mech": 0.4598710593153947,
          "enrichment": 0.5008915248387326,
          "stability": 0.7415774497691342,
          "strategies": {
            "fixed_condition": 9,
            "spectral_ridge": 10
          }
        },
        "RCF": {
          "contexts": 19,
          "mech": 0.16444487460673682,
          "enrichment": 0.16929791118934093,
          "stability": 0.8976717852045849,
          "strategies": {
            "fixed_condition": 9,
            "spectral_ridge": 10
          }
        },
        "SWF": {
          "contexts": 19,
          "mech": 0.4233316684230101,
          "enrichment": 0.443858513891167,
          "stability": 0.8608511764873903,
          "strategies": {
            "fixed_condition": 9,
            "spectral_ridge": 10
          }
        }
      }
    }
  },
  "c3_motor_always": {
    "self_check": {
      "devkit_validation": {
        "valid": true,
        "samples": 8,
        "input_name": "windows",
        "probability_output": "probabilities",
        "relevance_output": "relevance",
        "load_seconds": 0.017219800007296726,
        "inference_seconds": 0.0020240999874658883,
        "probability_sum_min": 0.9999999403953552,
        "probability_sum_max": 1.0000001192092896,
        "relevance_min": 3.010348154930398e-05,
        "relevance_max": 5373756.5
      },
      "prob_shape": [
        8,
        9
      ],
      "relevance_shape": [
        8,
        8,
        100
      ],
      "prob_row_sum_range": [
        0.9999999403953552,
        1.0000001192092896
      ],
      "relevance_min": 3.010348154930398e-05,
      "max_abs_prob_diff_vs_torch": 2.9616057872772217e-07,
      "max_abs_relevance_diff_vs_torch": 11.125
    },
    "faith_eval": {
      "n": 3000,
      "macro_f1": 0.9648864786500749,
      "faith": 0.8798786416649818,
      "deletion_auc": 0.13925348222255707,
      "insertion_auc": 0.8990107655525207,
      "simplicity": 0.8985282759074327,
      "operator_count": 82,
      "parameter_count": 28542,
      "eligible": true
    },
    "mech_gear": {
      "enrichment": 0.42084155147541075,
      "stability": 0.8503983678117678,
      "mech": 0.40015501852593155,
      "per_class": {
        "CTF": {
          "contexts": 19,
          "mech": 0.5533570129417786,
          "enrichment": 0.5690856578004034,
          "stability": 0.9048833856749772,
          "strategies": {
            "fixed_condition": 9,
            "spectral_ridge": 10
          }
        },
        "MTF": {
          "contexts": 19,
          "mech": 0.45955041711941663,
          "enrichment": 0.501188097002563,
          "stability": 0.7385406045135415,
          "strategies": {
            "fixed_condition": 9,
            "spectral_ridge": 10
          }
        },
        "RCF": {
          "contexts": 19,
          "mech": 0.16440881866752158,
          "enrichment": 0.16926177799440004,
          "stability": 0.8973108909412354,
          "strategies": {
            "fixed_condition": 9,
            "spectral_ridge": 10
          }
        },
        "SWF": {
          "contexts": 19,
          "mech": 0.4233038253750096,
          "enrichment": 0.44383067310427665,
          "stability": 0.8608585901173166,
          "strategies": {
            "fixed_condition": 9,
            "spectral_ridge": 10
          }
        }
      }
    }
  },
  "c3_motor_hybrid": {
    "self_check": {
      "devkit_validation": {
        "valid": true,
        "samples": 8,
        "input_name": "windows",
        "probability_output": "probabilities",
        "relevance_output": "relevance",
        "load_seconds": 0.02076640000450425,
        "inference_seconds": 0.002813799976138398,
        "probability_sum_min": 0.9999999403953552,
        "probability_sum_max": 1.0000001192092896,
        "relevance_min": 3.010348154930398e-05,
        "relevance_max": 5373756.5
      },
      "prob_shape": [
        8,
        9
      ],
      "relevance_shape": [
        8,
        8,
        100
      ],
      "prob_row_sum_range": [
        0.9999999403953552,
        1.0000001192092896
      ],
      "relevance_min": 3.010348154930398e-05,
      "max_abs_prob_diff_vs_torch": 2.9616057872772217e-07,
      "max_abs_relevance_diff_vs_torch": 11.125
    },
    "faith_eval": {
      "n": 3000,
      "macro_f1": 0.9648864786500749,
      "faith": 0.8798661775887013,
      "deletion_auc": 0.13927622586488722,
      "insertion_auc": 0.8990085810422898,
      "simplicity": 0.8905030311481781,
      "operator_count": 92,
      "parameter_count": 28549,
      "eligible": true
    },
    "mech_gear": {
      "enrichment": 0.4205039324780046,
      "stability": 0.8779161729506333,
      "mech": 0.4020467279311564,
      "per_class": {
        "CTF": {
          "contexts": 19,
          "mech": 0.5520462827324244,
          "enrichment": 0.5684677617448903,
          "stability": 0.9017521048578039,
          "strategies": {
            "fixed_condition": 9,
            "spectral_ridge": 10
          }
        },
        "MTF": {
          "contexts": 19,
          "mech": 0.4665727805260673,
          "enrichment": 0.5009617491776645,
          "stability": 0.8178129614044231,
          "strategies": {
            "fixed_condition": 9,
            "spectral_ridge": 10
          }
        },
        "RCF": {
          "contexts": 19,
          "mech": 0.168868094033075,
          "enrichment": 0.16948696392607165,
          "stability": 0.9381371173401052,
          "strategies": {
            "fixed_condition": 9,
            "spectral_ridge": 10
          }
        },
        "SWF": {
          "contexts": 19,
          "mech": 0.42069975443305885,
          "enrichment": 0.4430992550633917,
          "stability": 0.8539625082002004,
          "strategies": {
            "fixed_condition": 9,
            "spectral_ridge": 10
          }
        }
      }
    }
  },
  "c3_motor_strict": {
    "self_check": {
      "devkit_validation": {
        "valid": true,
        "samples": 8,
        "input_name": "windows",
        "probability_output": "probabilities",
        "relevance_output": "relevance",
        "load_seconds": 0.01802069999394007,
        "inference_seconds": 0.0021281999943312258,