{
  "description": "softer proxy best-channel bets from the mechanical audit",
  "implementation": "direct",
  "onnx_path": "runs\\mech_gate_exp016_scale\\sharp_proxy_soft\\model.onnx",
  "parameters": 39689,
  "gates": [
    [
      1.0,
      1.0,
      1.0,
      1.0,
      1.0,
      1.0,
      1.0,
      1.0
    ],
    [
      1.0,
      1.0,
      1.0,
      1.0,
      1.5,
      1.0,
      1.0,
      1.0
    ],
    [
      1.0,
      1.0,
      1.0,
      1.5,
      1.0,
      1.2000000476837158,
      1.2000000476837158,
      1.0
    ],
    [
      1.0,
      1.0,
      1.0,
      1.0,
      1.5,
      1.0,
      1.0,
      1.0
    ],
    [
      1.0,
      1.0,
      1.0,
      1.0,
      1.5,
      1.0,
      1.0,
      1.0
    ],
    [
      1.600000023841858,
      1.0,
      1.0,
      1.0,
      1.0,
      1.0,
      1.0,
      1.0
    ],
    [
      1.600000023841858,
      1.0,
      1.0,
      1.0,
      1.0,
      1.0,
      1.0,
      1.0
    ],
    [
      1.0,
      1.0,
      1.0,
      1.0,
      1.5,
      1.149999976158142,
      1.0,
      1.0
    ],
    [
      1.600000023841858,
      1.0,
      1.0,
      1.0,
      1.0,
      1.0,
      1.0,
      1.0
    ]
  ],
  "self_check": {
    "devkit_validation": {
      "valid": true,
      "samples": 8,
      "input_name": "windows",
      "probability_output": "probabilities",
      "relevance_output": "relevance",
      "load_seconds": 0.020884099998511374,
      "inference_seconds": 0.002463900003931485,
      "probability_sum_min": 0.9999998211860657,
      "probability_sum_max": 1.0,
      "relevance_min": 0.0013198633678257465,
      "relevance_max": 19.7088680267334
    },
    "prob_shape": [
      8,
      9
    ],
    "relevance_shape": [
      8,
      8,
      100
    ],
    "prob_row_sum_range": [
      0.9999998211860657,
      1.0
    ],
    "relevance_min": 0.0013198633678257465
  },
  "public_metrics": {
    "n": 6000,
    "macro_f1": 0.9889022559557579,
    "faith": 0.7406736232340336,
    "deletion_auc": 0.22495691627264022,
    "insertion_auc": 0.7063041627407074,
    "simplicity": 0.9220046544939587,
    "operator_count": 41,
    "parameter_count": 40409,
    "eligible": true,
    "mechanical": null,
    "expected_band_mass": null
  },
  "proxy_metrics": {
    "audit_peaks": {
      "n": 6000,
      "macro_f1": 0.9889022559557579,
      "faith": 0.7406736232340336,
      "deletion_auc": 0.22495691627264022,
      "insertion_auc": 0.7063041627407074,
      "simplicity": 0.9220046544939587,
      "operator_count": 41,
      "parameter_count": 40409,
      "eligible": true,
      "mechanical": 0.42630378681268993,
      "expected_band_mass": 0.23551971587742307
    },
    "audit_peaks_broad": {
      "n": 6000,
      "macro_f1": 0.9889022559557579,
      "faith": 0.7406736232340336,
      "deletion_auc": 0.22495691627264022,
      "insertion_auc": 0.7063041627407074,
      "simplicity": 0.9220046544939587,
      "operator_count": 41,
      "parameter_count": 40409,
      "eligible": true,
      "mechanical": 0.4378086214386895,
      "expected_band_mass": 0.25085015978555747
    },
    "low_frequency": {
      "n": 6000,
      "macro_f1": 0.9889022559557579,
      "faith": 0.7406736232340336,
      "deletion_auc": 0.22495691627264022,
      "insertion_auc": 0.7063041627407074,
      "simplicity": 0.9220046544939587,
      "operator_count": 41,
      "parameter_count": 40409,
      "eligible": true,
      "mechanical": 0.610264837837668,
      "expected_band_mass": 0.4812523687655189
    },
    "high_mid": {
      "n": 6000,
      "macro_f1": 0.9889022559557579,
      "faith": 0.7406736232340336,
      "deletion_auc": 0.22495691627264022,
      "insertion_auc": 0.7063041627407074,
      "simplicity": 0.9220046544939587,
      "operator_count": 41,
      "parameter_count": 40409,
      "eligible": true,
      "mechanical": 0.3403537351870678,
      "expected_band_mass": 0.1206445061001144
    }
  }
}