{
  "description": "dynamic focused low-frequency gates: BWF 1.4, CWF 3.6, ORF 4.4, other channels 0.8",
  "implementation": "direct",
  "onnx_path": "runs\\mech_gate_exp023_focus_local\\lowfreq_focus_b1p4_c3p6_o4p4_other0p8\\model.onnx",
  "parameters": 39689,
  "gates": [
    [
      1.0,
      1.0,
      1.0,
      1.0,
      1.0,
      1.0,
      1.0,
      1.0
    ],
    [
      1.0,
      1.0,
      1.0,
      1.0,
      1.0,
      1.0,
      1.0,
      1.0
    ],
    [
      1.0,
      1.0,
      1.0,
      1.0,
      1.0,
      1.0,
      1.0,
      1.0
    ],
    [
      1.0,
      1.0,
      1.0,
      1.0,
      1.0,
      1.0,
      1.0,
      1.0
    ],
    [
      1.0,
      1.0,
      1.0,
      1.0,
      1.0,
      1.0,
      1.0,
      1.0
    ],
    [
      1.399999976158142,
      0.800000011920929,
      0.800000011920929,
      0.800000011920929,
      0.800000011920929,
      0.800000011920929,
      0.800000011920929,
      0.800000011920929
    ],
    [
      3.5999999046325684,
      0.800000011920929,
      0.800000011920929,
      0.800000011920929,
      0.800000011920929,
      0.800000011920929,
      0.800000011920929,
      0.800000011920929
    ],
    [
      1.0,
      1.0,
      1.0,
      1.0,
      1.0,
      1.0,
      1.0,
      1.0
    ],
    [
      4.400000095367432,
      0.800000011920929,
      0.800000011920929,
      0.800000011920929,
      0.800000011920929,
      0.800000011920929,
      0.800000011920929,
      0.800000011920929
    ]
  ],
  "self_check": {
    "devkit_validation": {
      "valid": true,
      "samples": 8,
      "input_name": "windows",
      "probability_output": "probabilities",
      "relevance_output": "relevance",
      "load_seconds": 0.005502800006070174,
      "inference_seconds": 0.0007492000004276633,
      "probability_sum_min": 0.9999998211860657,
      "probability_sum_max": 1.0,
      "relevance_min": 0.001319337636232376,
      "relevance_max": 19.666790008544922
    },
    "prob_shape": [
      8,
      9
    ],
    "relevance_shape": [
      8,
      8,
      100
    ],
    "prob_row_sum_range": [
      0.9999998211860657,
      1.0
    ],
    "relevance_min": 0.001319337636232376
  },
  "public_metrics": {
    "n": 5000,
    "macro_f1": 0.9892873087113174,
    "faith": 0.7539375450462102,
    "deletion_auc": 0.20373125299811365,
    "insertion_auc": 0.7116063430905342,
    "simplicity": 0.9220046544939587,
    "operator_count": 41,
    "parameter_count": 40409,
    "eligible": true,
    "mechanical": null,
    "expected_band_mass": null
  },
  "proxy_metrics": {
    "audit_peaks": {
      "n": 5000,
      "macro_f1": 0.9892873087113174,
      "faith": 0.7539375450462102,
      "deletion_auc": 0.20373125299811365,
      "insertion_auc": 0.7116063430905342,
      "simplicity": 0.9220046544939587,
      "operator_count": 41,
      "parameter_count": 40409,
      "eligible": true,
      "mechanical": 0.44167922678072136,
      "expected_band_mass": 0.25632356945266244
    },
    "audit_peaks_broad": {
      "n": 5000,
      "macro_f1": 0.9892873087113174,
      "faith": 0.7539375450462102,
      "deletion_auc": 0.20373125299811365,
      "insertion_auc": 0.7116063430905342,
      "simplicity": 0.9220046544939587,
      "operator_count": 41,
      "parameter_count": 40409,
      "eligible": true,
      "mechanical": 0.45202177372098906,
      "expected_band_mass": 0.27010188508488236
    },
    "low_frequency": {
      "n": 5000,
      "macro_f1": 0.9892873087113174,
      "faith": 0.7539375450462102,
      "deletion_auc": 0.20373125299811365,
      "insertion_auc": 0.7116063430905342,
      "simplicity": 0.9220046544939587,
      "operator_count": 41,
      "parameter_count": 40409,
      "eligible": true,
      "mechanical": 0.6305149694356152,
      "expected_band_mass": 0.5086137746255339
    },
    "high_mid": {
      "n": 5000,
      "macro_f1": 0.9892873087113174,
      "faith": 0.7539375450462102,
      "deletion_auc": 0.20373125299811365,
      "insertion_auc": 0.7116063430905342,
      "simplicity": 0.9220046544939587,
      "operator_count": 41,
      "parameter_count": 40409,
      "eligible": true,
      "mechanical": 0.34407188597566324,
      "expected_band_mass": 0.12572491229703736
    }
  }
}