{
  "description": "base final2 relevance, exported through wrapper",
  "onnx_path": "runs\\mech_gate_exp014_confirm\\identity\\model.onnx",
  "parameters": 39689,
  "gates": [
    [
      1.0,
      1.0,
      1.0,
      1.0,
      1.0,
      1.0,
      1.0,
      1.0
    ],
    [
      1.0,
      1.0,
      1.0,
      1.0,
      1.0,
      1.0,
      1.0,
      1.0
    ],
    [
      1.0,
      1.0,
      1.0,
      1.0,
      1.0,
      1.0,
      1.0,
      1.0
    ],
    [
      1.0,
      1.0,
      1.0,
      1.0,
      1.0,
      1.0,
      1.0,
      1.0
    ],
    [
      1.0,
      1.0,
      1.0,
      1.0,
      1.0,
      1.0,
      1.0,
      1.0
    ],
    [
      1.0,
      1.0,
      1.0,
      1.0,
      1.0,
      1.0,
      1.0,
      1.0
    ],
    [
      1.0,
      1.0,
      1.0,
      1.0,
      1.0,
      1.0,
      1.0,
      1.0
    ],
    [
      1.0,
      1.0,
      1.0,
      1.0,
      1.0,
      1.0,
      1.0,
      1.0
    ],
    [
      1.0,
      1.0,
      1.0,
      1.0,
      1.0,
      1.0,
      1.0,
      1.0
    ]
  ],
  "self_check": {
    "devkit_validation": {
      "valid": true,
      "samples": 8,
      "input_name": "windows",
      "probability_output": "probabilities",
      "relevance_output": "relevance",
      "load_seconds": 0.023463599995011464,
      "inference_seconds": 0.001330200000666082,
      "probability_sum_min": 0.9999998211860657,
      "probability_sum_max": 1.0,
      "relevance_min": 0.0013198633678257465,
      "relevance_max": 19.675321578979492
    },
    "prob_shape": [
      8,
      9
    ],
    "relevance_shape": [
      8,
      8,
      100
    ],
    "prob_row_sum_range": [
      0.9999998211860657,
      1.0
    ],
    "relevance_min": 0.0013198633678257465
  },
  "public_metrics": {
    "n": 12000,
    "macro_f1": 0.9882473660493886,
    "faith": 0.7323283769190311,
    "deletion_auc": 0.24251111149787902,
    "insertion_auc": 0.7071678653359412,
    "simplicity": 0.9185350883144372,
    "operator_count": 45,
    "parameter_count": 40481,
    "eligible": true,
    "mechanical": null,
    "expected_band_mass": null
  },
  "proxy_metrics": {
    "audit_peaks": {
      "n": 12000,
      "macro_f1": 0.9882473660493886,
      "faith": 0.7323283769190311,
      "deletion_auc": 0.24251111149787902,
      "insertion_auc": 0.7071678653359412,
      "simplicity": 0.9185350883144372,
      "operator_count": 45,
      "parameter_count": 40481,
      "eligible": true,
      "mechanical": 0.4161775381086833,
      "expected_band_mass": 0.2218996931811601
    },
    "audit_peaks_broad": {
      "n": 12000,
      "macro_f1": 0.9882473660493886,
      "faith": 0.7323283769190311,
      "deletion_auc": 0.24251111149787902,
      "insertion_auc": 0.7071678653359412,
      "simplicity": 0.9185350883144372,
      "operator_count": 45,
      "parameter_count": 40481,
      "eligible": true,
      "mechanical": 0.4275706911737244,
      "expected_band_mass": 0.23707981840754128
    },
    "low_frequency": {
      "n": 12000,
      "macro_f1": 0.9882473660493886,
      "faith": 0.7323283769190311,
      "deletion_auc": 0.24251111149787902,
      "insertion_auc": 0.7071678653359412,
      "simplicity": 0.9185350883144372,
      "operator_count": 45,
      "parameter_count": 40481,
      "eligible": true,
      "mechanical": 0.6081023963701901,
      "expected_band_mass": 0.4782896986363723
    },
    "high_mid": {
      "n": 12000,
      "macro_f1": 0.9882473660493886,
      "faith": 0.7323283769190311,
      "deletion_auc": 0.24251111149787902,
      "insertion_auc": 0.7071678653359412,
      "simplicity": 0.9185350883144372,
      "operator_count": 45,
      "parameter_count": 40481,
      "eligible": true,
      "mechanical": 0.33295468880624846,
      "expected_band_mass": 0.1107282666989131
    }
  }
}