{
  "description": "dynamic focused low-frequency gates: BWF 1.4, CWF 3.4, ORF 4.2, other channels 0.7",
  "implementation": "direct",
  "onnx_path": "runs\\mech_gate_exp023_focus_local\\lowfreq_focus_b1p4_c3p4_o4p2_other0p7\\model.onnx",
  "parameters": 39689,
  "gates": [
    [
      1.0,
      1.0,
      1.0,
      1.0,
      1.0,
      1.0,
      1.0,
      1.0
    ],
    [
      1.0,
      1.0,
      1.0,
      1.0,
      1.0,
      1.0,
      1.0,
      1.0
    ],
    [
      1.0,
      1.0,
      1.0,
      1.0,
      1.0,
      1.0,
      1.0,
      1.0
    ],
    [
      1.0,
      1.0,
      1.0,
      1.0,
      1.0,
      1.0,
      1.0,
      1.0
    ],
    [
      1.0,
      1.0,
      1.0,
      1.0,
      1.0,
      1.0,
      1.0,
      1.0
    ],
    [
      1.399999976158142,
      0.699999988079071,
      0.699999988079071,
      0.699999988079071,
      0.699999988079071,
      0.699999988079071,
      0.699999988079071,
      0.699999988079071
    ],
    [
      3.4000000953674316,
      0.699999988079071,
      0.699999988079071,
      0.699999988079071,
      0.699999988079071,
      0.699999988079071,
      0.699999988079071,
      0.699999988079071
    ],
    [
      1.0,
      1.0,
      1.0,
      1.0,
      1.0,
      1.0,
      1.0,
      1.0
    ],
    [
      4.199999809265137,
      0.699999988079071,
      0.699999988079071,
      0.699999988079071,
      0.699999988079071,
      0.699999988079071,
      0.699999988079071,
      0.699999988079071
    ]
  ],
  "self_check": {
    "devkit_validation": {
      "valid": true,
      "samples": 8,
      "input_name": "windows",
      "probability_output": "probabilities",
      "relevance_output": "relevance",
      "load_seconds": 0.005580400000326335,
      "inference_seconds": 0.000749400001950562,
      "probability_sum_min": 0.9999998211860657,
      "probability_sum_max": 1.0,
      "relevance_min": 0.0013190426398068666,
      "relevance_max": 19.66200065612793
    },
    "prob_shape": [
      8,
      9
    ],
    "relevance_shape": [
      8,
      8,
      100
    ],
    "prob_row_sum_range": [
      0.9999998211860657,
      1.0
    ],
    "relevance_min": 0.0013190426398068666
  },
  "public_metrics": {
    "n": 5000,
    "macro_f1": 0.9892873087113174,
    "faith": 0.7539134591817855,
    "deletion_auc": 0.20332399010658264,
    "insertion_auc": 0.7111509084701538,
    "simplicity": 0.9220046544939587,
    "operator_count": 41,
    "parameter_count": 40409,
    "eligible": true,
    "mechanical": null,
    "expected_band_mass": null
  },
  "proxy_metrics": {
    "audit_peaks": {
      "n": 5000,
      "macro_f1": 0.9892873087113174,
      "faith": 0.7539134591817855,
      "deletion_auc": 0.20332399010658264,
      "insertion_auc": 0.7111509084701538,
      "simplicity": 0.9220046544939587,
      "operator_count": 41,
      "parameter_count": 40409,
      "eligible": true,
      "mechanical": 0.4435333475439823,
      "expected_band_mass": 0.25883232421385627
    },
    "audit_peaks_broad": {
      "n": 5000,
      "macro_f1": 0.9892873087113174,
      "faith": 0.7539134591817855,
      "deletion_auc": 0.20332399010658264,
      "insertion_auc": 0.7111509084701538,
      "simplicity": 0.9220046544939587,
      "operator_count": 41,
      "parameter_count": 40409,
      "eligible": true,
      "mechanical": 0.45380639480567675,
      "expected_band_mass": 0.27251799720867204
    },
    "low_frequency": {
      "n": 5000,
      "macro_f1": 0.9892873087113174,
      "faith": 0.7539134591817855,
      "deletion_auc": 0.20332399010658264,
      "insertion_auc": 0.7111509084701538,
      "simplicity": 0.9220046544939587,
      "operator_count": 41,
      "parameter_count": 40409,
      "eligible": true,
      "mechanical": 0.632388523453051,
      "expected_band_mass": 0.5111491003735756
    },
    "high_mid": {
      "n": 5000,
      "macro_f1": 0.9892873087113174,
      "faith": 0.7539134591817855,
      "deletion_auc": 0.20332399010658264,
      "insertion_auc": 0.7111509084701538,
      "simplicity": 0.9220046544939587,
      "operator_count": 41,
      "parameter_count": 40409,
      "eligible": true,
      "mechanical": 0.344457686791236,
      "expected_band_mass": 0.1262488433543298
    }
  }
}