{
  "description": "softer low-frequency motor bias with very mild torque elsewhere",
  "implementation": "direct",
  "onnx_path": "runs\\mech_gate_exp016_scale\\lowfreq_motor_1p4\\model.onnx",
  "parameters": 39689,
  "gates": [
    [
      1.0,
      1.0,
      1.0,
      1.0,
      1.0,
      1.0,
      1.0,
      1.0
    ],
    [
      1.0,
      1.0,
      1.0,
      1.0,
      1.100000023841858,
      1.0,
      1.0,
      1.0
    ],
    [
      1.0,
      1.0,
      1.0,
      1.0,
      1.100000023841858,
      1.0,
      1.0,
      1.0
    ],
    [
      1.0,
      1.0,
      1.0,
      1.0,
      1.100000023841858,
      1.0,
      1.0,
      1.0
    ],
    [
      1.0,
      1.0,
      1.0,
      1.0,
      1.100000023841858,
      1.0,
      1.0,
      1.0
    ],
    [
      1.399999976158142,
      1.0,
      1.0,
      1.0,
      1.0,
      1.0,
      1.0,
      1.0
    ],
    [
      1.399999976158142,
      1.0,
      1.0,
      1.0,
      1.0,
      1.0,
      1.0,
      1.0
    ],
    [
      1.0,
      1.0,
      1.0,
      1.0,
      1.100000023841858,
      1.0,
      1.0,
      1.0
    ],
    [
      1.399999976158142,
      1.0,
      1.0,
      1.0,
      1.0,
      1.0,
      1.0,
      1.0
    ]
  ],
  "self_check": {
    "devkit_validation": {
      "valid": true,
      "samples": 8,
      "input_name": "windows",
      "probability_output": "probabilities",
      "relevance_output": "relevance",
      "load_seconds": 0.0058219999918947,
      "inference_seconds": 0.0007439000037265942,
      "probability_sum_min": 0.9999998211860657,
      "probability_sum_max": 1.0,
      "relevance_min": 0.0013198633678257465,
      "relevance_max": 19.689964294433594
    },
    "prob_shape": [
      8,
      9
    ],
    "relevance_shape": [
      8,
      8,
      100
    ],
    "prob_row_sum_range": [
      0.9999998211860657,
      1.0
    ],
    "relevance_min": 0.0013198633678257465
  },
  "public_metrics": {
    "n": 6000,
    "macro_f1": 0.9889022559557579,
    "faith": 0.7390671961009503,
    "deletion_auc": 0.23237342983484266,
    "insertion_auc": 0.7105078220367432,
    "simplicity": 0.9220046544939587,
    "operator_count": 41,
    "parameter_count": 40409,
    "eligible": true,
    "mechanical": null,
    "expected_band_mass": null
  },
  "proxy_metrics": {
    "audit_peaks": {
      "n": 6000,
      "macro_f1": 0.9889022559557579,
      "faith": 0.7390671961009503,
      "deletion_auc": 0.23237342983484266,
      "insertion_auc": 0.7105078220367432,
      "simplicity": 0.9220046544939587,
      "operator_count": 41,
      "parameter_count": 40409,
      "eligible": true,
      "mechanical": 0.4228393840373026,
      "expected_band_mass": 0.23086153499774484
    },
    "audit_peaks_broad": {
      "n": 6000,
      "macro_f1": 0.9889022559557579,
      "faith": 0.7390671961009503,
      "deletion_auc": 0.23237342983484266,
      "insertion_auc": 0.7105078220367432,
      "simplicity": 0.9220046544939587,
      "operator_count": 41,
      "parameter_count": 40409,
      "eligible": true,
      "mechanical": 0.4340617231340812,
      "expected_band_mass": 0.2458143508880484
    },
    "low_frequency": {
      "n": 6000,
      "macro_f1": 0.9889022559557579,
      "faith": 0.7390671961009503,
      "deletion_auc": 0.23237342983484266,
      "insertion_auc": 0.7105078220367432,
      "simplicity": 0.9220046544939587,
      "operator_count": 41,
      "parameter_count": 40409,
      "eligible": true,
      "mechanical": 0.6103923849785382,
      "expected_band_mass": 0.4814098377814362
    },
    "high_mid": {
      "n": 6000,
      "macro_f1": 0.9889022559557579,
      "faith": 0.7390671961009503,
      "deletion_auc": 0.23237342983484266,
      "insertion_auc": 0.7105078220367432,
      "simplicity": 0.9220046544939587,
      "operator_count": 41,
      "parameter_count": 40409,
      "eligible": true,
      "mechanical": 0.33824579965778867,
      "expected_band_mass": 0.1178185830546928
    }
  }
}