{
  "variant": {
    "name": "motor_l4",
    "lam": 4.0,
    "mode": "motor_only",
    "tau": 0.7
  },
  "onnx_path": "runs\\carrier_exp034b\\motor_l4\\model.onnx",
  "self_check": {
    "devkit_validation": {
      "valid": true,
      "samples": 8,
      "input_name": "windows",
      "probability_output": "probabilities",
      "relevance_output": "relevance",
      "load_seconds": 0.013625299994600937,
      "inference_seconds": 0.003364799980772659,
      "probability_sum_min": 0.9999999403953552,
      "probability_sum_max": 1.0000001192092896,
      "relevance_min": 4.803560295840725e-05,
      "relevance_max": 1.5661081075668335
    },
    "prob_shape": [
      8,
      9
    ],
    "relevance_shape": [
      8,
      8,
      100
    ],
    "prob_row_sum_range": [
      0.9999999403953552,
      1.0000001192092896
    ],
    "relevance_min": 4.803560295840725e-05,
    "max_abs_prob_diff_vs_torch": 1.9669532775878906e-06,
    "max_abs_relevance_diff_vs_torch": 3.2186508178710938e-06
  },
  "mech_gear": {
    "model": "runs\\carrier_exp034b\\motor_l4\\model.onnx",
    "gear_only": true,
    "contexts": 76,
    "overall": {
      "metric_version": "mechanical_v2",
      "mechanical_score": 0.18308282387182426,
      "expected_band_enrichment": 0.18308284255121005,
      "relevance_stability": 0.9999985870041668,
      "contexts": 76,
      "strategy_counts": {
        "fixed_condition": 36,
        "spectral_ridge": 40
      },
      "estimated_speed_hz_min": 2.9166666666666665,
      "estimated_speed_hz_max": 50.0
    },
    "per_class": {
      "CTF": {
        "contexts": 19,
        "mech": 0.19842801440875424,
        "enrichment": 0.19842804211788764,
        "stability": 0.9999992087310042,
        "strategies": {
          "fixed_condition": 9,
          "spectral_ridge": 10
        }
      },
      "MTF": {
        "contexts": 19,
        "mech": 0.1888599137151783,
        "enrichment": 0.1888599415387405,
        "stability": 0.9999988949566201,
        "strategies": {
          "fixed_condition": 9,
          "spectral_ridge": 10
        }
      },
      "RCF": {
        "contexts": 19,
        "mech": 0.058100875614456676,
        "enrichment": 0.05810088689152896,
        "stability": 0.9999976406059061,
        "strategies": {
          "fixed_condition": 9,
          "spectral_ridge": 10
        }
      },
      "SWF": {
        "contexts": 19,
        "mech": 0.2869424917489078,
        "enrichment": 0.2869424996566831,
        "stability": 0.9999986037231371,
        "strategies": {
          "fixed_condition": 9,
          "spectral_ridge": 10
        }
      }
    }
  },
  "faith": {
    "n": 3000,
    "macro_f1": 0.9818385509886356,
    "faith": 0.8215172488242388,
    "deletion_auc": 0.2117682181298733,
    "insertion_auc": 0.8548027157783508,
    "simplicity": 0.8804318185866218,
    "operator_count": 81,
    "parameter_count": 50735,
    "eligible": true
  }
}