{
  "checkpoint": "runs\\exp029_final\\model.pt",
  "eval_n": 5000,
  "seed": 27027,
  "variants": {
    "occ_a1_eps0p2_exp023_T8": {
      "variant": {
        "name": "occ_a1_eps0p2_exp023_T8",
        "alpha": 1.0,
        "eps": 0.2,
        "static_gate": true,
        "temperature": 8.0
      },
      "onnx_path": "runs\\exp029_final\\wrapped\\occ_a1_eps0p2_exp023_T8\\model.onnx",
      "self_check": {
        "devkit_validation": {
          "valid": true,
          "samples": 8,
          "input_name": "windows",
          "probability_output": "probabilities",
          "relevance_output": "relevance",
          "load_seconds": 0.030724099997314624,
          "inference_seconds": 0.002824499999405816,
          "probability_sum_min": 1.0,
          "probability_sum_max": 1.0,
          "relevance_min": 7.006574014667422e-05,
          "relevance_max": 14.52915096282959
        },
        "prob_shape": [
          8,
          9
        ],
        "relevance_shape": [
          8,
          8,
          100
        ],
        "prob_row_sum_range": [
          1.0,
          1.0
        ],
        "relevance_min": 7.006574014667422e-05,
        "max_abs_prob_diff_vs_torch": 2.192690473634684e-15,
        "max_abs_relevance_diff_vs_torch": 1.52587890625e-05
      },
      "public_metrics": {
        "n": 5000,
        "macro_f1": 0.9859663080765164,
        "faith": 0.8640834297984838,
        "deletion_auc": 0.16695354953408242,
        "insertion_auc": 0.8951204091310502,
        "simplicity": 0.9084745982680427,
        "operator_count": 57,
        "parameter_count": 40506,
        "eligible": true,
        "mechanical": null,
        "expected_band_mass": null,
        "deletion_curve": [
          0.9978350400924683,
          0.3498736023902893,
          0.13145124912261963,
          0.0906793549656868,
          0.07149576395750046,
          0.07700145989656448,
          0.09421622008085251,
          0.09501054137945175,
          0.10535912960767746,
          0.10008939355611801,
          0.1108824610710144
        ],
        "insertion_curve": [
          0.1108824610710144,
          0.6691231727600098,
          0.8434557914733887,
          0.9383483529090881,
          0.9776305556297302,
          0.9880675077438354,
          0.9937089085578918,
          0.9947478771209717,
          0.9955905079841614,
          0.9961727261543274,
          0.9978350400924683
        ]
      },
      "proxy_metrics": {
        "audit_peaks": {
          "mechanical": 0.44702979463236414,
          "expected_band_mass": 0.2635320188950492
        },
        "audit_peaks_broad": {
          "mechanical": 0.45674706297239986,
          "expected_band_mass": 0.2764748057280335
        },
        "low_frequency": {
          "mechanical": 0.6427935189907414,
          "expected_band_mass": 0.5250605019297406
        },
        "high_mid": {
          "mechanical": 0.34468837630959087,
          "expected_band_mass": 0.12659516553308625
        }
      }
    },
    "occ_a1_eps0p05_exp023_T8": {
      "variant": {
        "name": "occ_a1_eps0p05_exp023_T8",
        "alpha": 1.0,
        "eps": 0.05,
        "static_gate": true,
        "temperature": 8.0
      },
      "onnx_path": "runs\\exp029_final\\wrapped\\occ_a1_eps0p05_exp023_T8\\model.onnx",
      "self_check": {
        "devkit_validation": {
          "valid": true,
          "samples": 8,
          "input_name": "windows",
          "probability_output": "probabilities",
          "relevance_output": "relevance",
          "load_seconds": 0.011496999999508262,
          "inference_seconds": 0.002427800005534664,
          "probability_sum_min": 1.0,
          "probability_sum_max": 1.0,
          "relevance_min": 1.7516435036668554e-05,
          "relevance_max": 12.613788604736328
        },
        "prob_shape": [
          8,
          9
        ],
        "relevance_shape": [
          8,
          8,
          100
        ],
        "prob_row_sum_range": [
          1.0,
          1.0
        ],
        "relevance_min": 1.7516435036668554e-05,
        "max_abs_prob_diff_vs_torch": 2.192690473634684e-15,
        "max_abs_relevance_diff_vs_torch": 1.430511474609375e-05
      },
      "public_metrics": {
        "n": 5000,
        "macro_f1": 0.9859663080765164,
        "faith": 0.857395700365305,
        "deletion_auc": 0.16521504074335097,
        "insertion_auc": 0.8800064414739609,
        "simplicity": 0.9084745982680427,
        "operator_count": 57,
        "parameter_count": 40506,
        "eligible": true,
        "mechanical": null,
        "expected_band_mass": null,
        "deletion_curve": [
          0.9978350400924683,
          0.3333209753036499,
          0.11902954429388046,
          0.09105251729488373,
          0.07848697155714035,
          0.0849534198641777,
          0.09649069607257843,
          0.09177175909280777,
          0.09997200220823288,
          0.10271377861499786,
          0.1108824610710144
        ],
        "insertion_curve": [
          0.1108824610710144,
          0.6418201923370361,
          0.801662027835846,
          0.8992871046066284,
          0.9499782919883728,
          0.9762455821037292,
          0.9900587201118469,
          0.9950105547904968,
          0.9960426688194275,
          0.9956005811691284,
          0.9978350400924683
        ]
      },
      "proxy_metrics": {
        "audit_peaks": {
          "mechanical": 0.4496005832434823,
          "expected_band_mass": 0.2669909898199816
        },
        "audit_peaks_broad": {
          "mechanical": 0.45910371113897,
          "expected_band_mass": 0.2796482424579085
        },
        "low_frequency": {
          "mechanical": 0.6478744862914353,
          "expected_band_mass": 0.5318558428095205
        },
        "high_mid": {
          "mechanical": 0.3453330762552058,
          "expected_band_mass": 0.12747483951265356
        }
      }
    },
    "occ_a0p5_eps0p05_T8": {
      "variant": {
        "name": "occ_a0p5_eps0p05_T8",
        "alpha": 0.5,
        "eps": 0.05,
        "static_gate": false,
        "temperature": 8.0
      },
      "onnx_path": "runs\\exp029_final\\wrapped\\occ_a0p5_eps0p05_T8\\model.onnx",
      "self_check": {
        "devkit_validation": {
          "valid": true,
          "samples": 8,
          "input_name": "windows",
          "probability_output": "probabilities",
          "relevance_output": "relevance",
          "load_seconds": 0.010203600002569146,
          "inference_seconds": 0.0034832999954232946,
          "probability_sum_min": 1.0,
          "probability_sum_max": 1.0,
          "relevance_min": 7.856384763726965e-05,
          "relevance_max": 12.712915420532227
        },
        "prob_shape": [
          8,
          9
        ],
        "relevance_shape": [
          8,
          8,
          100
        ],
        "prob_row_sum_range": [
          1.0,
          1.0
        ],
        "relevance_min": 7.856384763726965e-05,
        "max_abs_prob_diff_vs_torch": 2.192690473634684e-15,
        "max_abs_relevance_diff_vs_torch": 1.430511474609375e-05
      },
      "public_metrics": {
        "n": 5000,
        "macro_f1": 0.9859663080765164,
        "faith": 0.8740076351910829,
        "deletion_auc": 0.17839700505137443,
        "insertion_auc": 0.9264122754335403,
        "simplicity": 0.9084745982680427,
        "operator_count": 57,
        "parameter_count": 40506,
        "eligible": true,
        "mechanical": null,
        "expected_band_mass": null,
        "deletion_curve": [
          0.9978350400924683,
          0.34909239411354065,
          0.17950938642024994,
          0.10814382135868073,
          0.09250812232494354,
          0.0873025581240654,
          0.09499026834964752,
          0.10707640647888184,
          0.1094561368227005,
          0.1015322357416153,
          0.1108824610710144
        ],