{
  "description": "aggressive low-frequency motor bias with stronger torque elsewhere",
  "implementation": "direct",
  "onnx_path": "runs\\mech_gate_exp017_scale_hi\\lowfreq_motor_3p0\\model.onnx",
  "parameters": 39689,
  "gates": [
    [
      1.0,
      1.0,
      1.0,
      1.0,
      1.0,
      1.0,
      1.0,
      1.0
    ],
    [
      1.0,
      1.0,
      1.0,
      1.0,
      1.2999999523162842,
      1.0,
      1.0,
      1.0
    ],
    [
      1.0,
      1.0,
      1.0,
      1.0,
      1.2999999523162842,
      1.0,
      1.0,
      1.0
    ],
    [
      1.0,
      1.0,
      1.0,
      1.0,
      1.2999999523162842,
      1.0,
      1.0,
      1.0
    ],
    [
      1.0,
      1.0,
      1.0,
      1.0,
      1.2999999523162842,
      1.0,
      1.0,
      1.0
    ],
    [
      3.0,
      1.0,
      1.0,
      1.0,
      1.0,
      1.0,
      1.0,
      1.0
    ],
    [
      3.0,
      1.0,
      1.0,
      1.0,
      1.0,
      1.0,
      1.0,
      1.0
    ],
    [
      1.0,
      1.0,
      1.0,
      1.0,
      1.2999999523162842,
      1.0,
      1.0,
      1.0
    ],
    [
      3.0,
      1.0,
      1.0,
      1.0,
      1.0,
      1.0,
      1.0,
      1.0
    ]
  ],
  "self_check": {
    "devkit_validation": {
      "valid": true,
      "samples": 8,
      "input_name": "windows",
      "probability_output": "probabilities",
      "relevance_output": "relevance",
      "load_seconds": 0.005824500010930933,
      "inference_seconds": 0.0012546000070869923,
      "probability_sum_min": 0.9999998211860657,
      "probability_sum_max": 1.0,
      "relevance_min": 0.0013198633678257465,
      "relevance_max": 19.717247009277344
    },
    "prob_shape": [
      8,
      9
    ],
    "relevance_shape": [
      8,
      8,
      100
    ],
    "prob_row_sum_range": [
      0.9999998211860657,
      1.0
    ],
    "relevance_min": 0.0013198633678257465
  },
  "public_metrics": {
    "n": 5000,
    "macro_f1": 0.9887313535248102,
    "faith": 0.7477854419499635,
    "deletion_auc": 0.20992371812462804,
    "insertion_auc": 0.7054946020245552,
    "simplicity": 0.9220046544939587,
    "operator_count": 41,
    "parameter_count": 40409,
    "eligible": true,
    "mechanical": null,
    "expected_band_mass": null
  },
  "proxy_metrics": {
    "audit_peaks": {
      "n": 5000,
      "macro_f1": 0.9887313535248102,
      "faith": 0.7477854419499635,
      "deletion_auc": 0.20992371812462804,
      "insertion_auc": 0.7054946020245552,
      "simplicity": 0.9220046544939587,
      "operator_count": 41,
      "parameter_count": 40409,
      "eligible": true,
      "mechanical": 0.44110379755770496,
      "expected_band_mass": 0.2554980914842831
    },
    "audit_peaks_broad": {
      "n": 5000,
      "macro_f1": 0.9887313535248102,
      "faith": 0.7477854419499635,
      "deletion_auc": 0.20992371812462804,
      "insertion_auc": 0.7054946020245552,
      "simplicity": 0.9220046544939587,
      "operator_count": 41,
      "parameter_count": 40409,
      "eligible": true,
      "mechanical": 0.45160367772069926,
      "expected_band_mass": 0.26948674853514176
    },
    "low_frequency": {
      "n": 5000,
      "macro_f1": 0.9887313535248102,
      "faith": 0.7477854419499635,
      "deletion_auc": 0.20992371812462804,
      "insertion_auc": 0.7054946020245552,
      "simplicity": 0.9220046544939587,
      "operator_count": 41,
      "parameter_count": 40409,
      "eligible": true,
      "mechanical": 0.6262186457894026,
      "expected_band_mass": 0.5027992667888258
    },
    "high_mid": {
      "n": 5000,
      "macro_f1": 0.9887313535248102,
      "faith": 0.7477854419499635,
      "deletion_auc": 0.20992371812462804,
      "insertion_auc": 0.7054946020245552,
      "simplicity": 0.9220046544939587,
      "operator_count": 41,
      "parameter_count": 40409,
      "eligible": true,
      "mechanical": 0.34460154277623967,
      "expected_band_mass": 0.1263890288043266
    }
  }
}