{
  "description": "motor bias only for low-frequency proxy classes; mild torque elsewhere",
  "implementation": "direct",
  "onnx_path": "runs\\mech_gate_exp015_direct\\lowfreq_motor\\model.onnx",
  "parameters": 39689,
  "gates": [
    [
      1.0,
      1.0,
      1.0,
      1.0,
      1.0,
      1.0,
      1.0,
      1.0
    ],
    [
      1.0,
      1.0,
      1.0,
      1.0,
      1.149999976158142,
      1.0,
      1.0,
      1.0
    ],
    [
      1.0,
      1.0,
      1.0,
      1.0,
      1.149999976158142,
      1.0,
      1.0,
      1.0
    ],
    [
      1.0,
      1.0,
      1.0,
      1.0,
      1.149999976158142,
      1.0,
      1.0,
      1.0
    ],
    [
      1.0,
      1.0,
      1.0,
      1.0,
      1.149999976158142,
      1.0,
      1.0,
      1.0
    ],
    [
      1.7999999523162842,
      1.0,
      1.0,
      1.0,
      1.0,
      1.0,
      1.0,
      1.0
    ],
    [
      1.7999999523162842,
      1.0,
      1.0,
      1.0,
      1.0,
      1.0,
      1.0,
      1.0
    ],
    [
      1.0,
      1.0,
      1.0,
      1.0,
      1.149999976158142,
      1.0,
      1.0,
      1.0
    ],
    [
      1.7999999523162842,
      1.0,
      1.0,
      1.0,
      1.0,
      1.0,
      1.0,
      1.0
    ]
  ],
  "self_check": {
    "devkit_validation": {
      "valid": true,
      "samples": 8,
      "input_name": "windows",
      "probability_output": "probabilities",
      "relevance_output": "relevance",
      "load_seconds": 0.006507099998998456,
      "inference_seconds": 0.0008210000087274238,
      "probability_sum_min": 0.9999998211860657,
      "probability_sum_max": 1.0,
      "relevance_min": 0.0013198633678257465,
      "relevance_max": 19.697010040283203
    },
    "prob_shape": [
      8,
      9
    ],
    "relevance_shape": [
      8,
      8,
      100
    ],
    "prob_row_sum_range": [
      0.9999998211860657,
      1.0
    ],
    "relevance_min": 0.0013198633678257465
  },
  "public_metrics": {
    "n": 12000,
    "macro_f1": 0.9901629614780799,
    "faith": 0.7445234559476375,
    "deletion_auc": 0.2213137820363045,
    "insertion_auc": 0.7103606939315795,
    "simplicity": 0.9220046544939587,
    "operator_count": 41,
    "parameter_count": 40409,
    "eligible": true,
    "mechanical": null,
    "expected_band_mass": null
  },
  "proxy_metrics": {
    "audit_peaks": {
      "n": 12000,
      "macro_f1": 0.9901629614780799,
      "faith": 0.7445234559476375,
      "deletion_auc": 0.2213137820363045,
      "insertion_auc": 0.7103606939315795,
      "simplicity": 0.9220046544939587,
      "operator_count": 41,
      "parameter_count": 40409,
      "eligible": true,
      "mechanical": 0.42580821776372413,
      "expected_band_mass": 0.23489271564417205
    },
    "audit_peaks_broad": {
      "n": 12000,
      "macro_f1": 0.9901629614780799,
      "faith": 0.7445234559476375,
      "deletion_auc": 0.2213137820363045,
      "insertion_auc": 0.7103606939315795,
      "simplicity": 0.9220046544939587,
      "operator_count": 41,
      "parameter_count": 40409,
      "eligible": true,
      "mechanical": 0.43681181604710656,
      "expected_band_mass": 0.2495537169505515
    },
    "low_frequency": {
      "n": 12000,
      "macro_f1": 0.9901629614780799,
      "faith": 0.7445234559476375,
      "deletion_auc": 0.2213137820363045,
      "insertion_auc": 0.7103606939315795,
      "simplicity": 0.9220046544939587,
      "operator_count": 41,
      "parameter_count": 40409,
      "eligible": true,
      "mechanical": 0.6145236020377194,
      "expected_band_mass": 0.48700171547743853
    },
    "high_mid": {
      "n": 12000,
      "macro_f1": 0.9901629614780799,
      "faith": 0.7445234559476375,
      "deletion_auc": 0.2213137820363045,
      "insertion_auc": 0.7103606939315795,
      "simplicity": 0.9220046544939587,
      "operator_count": 41,
      "parameter_count": 40409,
      "eligible": true,
      "mechanical": 0.33914439815352593,
      "expected_band_mass": 0.11903996498325235
    }
  }
}