{
  "description": "dynamic focused low-frequency gates: BWF 1.4, CWF 3, ORF 3.8, other channels 0.8",
  "implementation": "direct",
  "onnx_path": "runs\\mech_gate_exp022_focus\\lowfreq_focus_b1p4_c3_o3p8_other0p8\\model.onnx",
  "parameters": 39689,
  "gates": [
    [
      1.0,
      1.0,
      1.0,
      1.0,
      1.0,
      1.0,
      1.0,
      1.0
    ],
    [
      1.0,
      1.0,
      1.0,
      1.0,
      1.0,
      1.0,
      1.0,
      1.0
    ],
    [
      1.0,
      1.0,
      1.0,
      1.0,
      1.0,
      1.0,
      1.0,
      1.0
    ],
    [
      1.0,
      1.0,
      1.0,
      1.0,
      1.0,
      1.0,
      1.0,
      1.0
    ],
    [
      1.0,
      1.0,
      1.0,
      1.0,
      1.0,
      1.0,
      1.0,
      1.0
    ],
    [
      1.399999976158142,
      0.800000011920929,
      0.800000011920929,
      0.800000011920929,
      0.800000011920929,
      0.800000011920929,
      0.800000011920929,
      0.800000011920929
    ],
    [
      3.0,
      0.800000011920929,
      0.800000011920929,
      0.800000011920929,
      0.800000011920929,
      0.800000011920929,
      0.800000011920929,
      0.800000011920929
    ],
    [
      1.0,
      1.0,
      1.0,
      1.0,
      1.0,
      1.0,
      1.0,
      1.0
    ],
    [
      3.799999952316284,
      0.800000011920929,
      0.800000011920929,
      0.800000011920929,
      0.800000011920929,
      0.800000011920929,
      0.800000011920929,
      0.800000011920929
    ]
  ],
  "self_check": {
    "devkit_validation": {
      "valid": true,
      "samples": 8,
      "input_name": "windows",
      "probability_output": "probabilities",
      "relevance_output": "relevance",
      "load_seconds": 0.005712600002880208,
      "inference_seconds": 0.0007980999944265932,
      "probability_sum_min": 0.9999998211860657,
      "probability_sum_max": 1.0,
      "relevance_min": 0.001319337636232376,
      "relevance_max": 19.666790008544922
    },
    "prob_shape": [
      8,
      9
    ],
    "relevance_shape": [
      8,
      8,
      100
    ],
    "prob_row_sum_range": [
      0.9999998211860657,
      1.0
    ],
    "relevance_min": 0.001319337636232376
  },
  "public_metrics": {
    "n": 5000,
    "macro_f1": 0.9891530016579669,
    "faith": 0.7512625746428967,
    "deletion_auc": 0.20718797296285632,
    "insertion_auc": 0.7097131222486496,
    "simplicity": 0.9220046544939587,
    "operator_count": 41,
    "parameter_count": 40409,
    "eligible": true,
    "mechanical": null,
    "expected_band_mass": null
  },
  "proxy_metrics": {
    "audit_peaks": {
      "n": 5000,
      "macro_f1": 0.9891530016579669,
      "faith": 0.7512625746428967,
      "deletion_auc": 0.20718797296285632,
      "insertion_auc": 0.7097131222486496,
      "simplicity": 0.9220046544939587,
      "operator_count": 41,
      "parameter_count": 40409,
      "eligible": true,
      "mechanical": 0.434885619476407,
      "expected_band_mass": 0.24719212940853585
    },
    "audit_peaks_broad": {
      "n": 5000,
      "macro_f1": 0.9891530016579669,
      "faith": 0.7512625746428967,
      "deletion_auc": 0.20718797296285632,
      "insertion_auc": 0.7097131222486496,
      "simplicity": 0.9220046544939587,
      "operator_count": 41,
      "parameter_count": 40409,
      "eligible": true,
      "mechanical": 0.44539084744274793,
      "expected_band_mass": 0.26118775665822075
    },
    "low_frequency": {
      "n": 5000,
      "macro_f1": 0.9891530016579669,
      "faith": 0.7512625746428967,
      "deletion_auc": 0.20718797296285632,
      "insertion_auc": 0.7097131222486496,
      "simplicity": 0.9220046544939587,
      "operator_count": 41,
      "parameter_count": 40409,
      "eligible": true,
      "mechanical": 0.62286197551478,
      "expected_band_mass": 0.49833643082913587
    },
    "high_mid": {
      "n": 5000,
      "macro_f1": 0.9891530016579669,
      "faith": 0.7512625746428967,
      "deletion_auc": 0.20718797296285632,
      "insertion_auc": 0.7097131222486496,
      "simplicity": 0.9220046544939587,
      "operator_count": 41,
      "parameter_count": 40409,
      "eligible": true,
      "mechanical": 0.3395181556666889,
      "expected_band_mass": 0.11961063734624514
    }
  }
}