{
  "description": "dynamic focused low-frequency gates: BWF 1.8, CWF 3, ORF 3.8, other channels 0.8",
  "implementation": "direct",
  "onnx_path": "runs\\mech_gate_exp022_focus\\lowfreq_focus_b1p8_c3_o3p8_other0p8\\model.onnx",
  "parameters": 39689,
  "gates": [
    [
      1.0,
      1.0,
      1.0,
      1.0,
      1.0,
      1.0,
      1.0,
      1.0
    ],
    [
      1.0,
      1.0,
      1.0,
      1.0,
      1.0,
      1.0,
      1.0,
      1.0
    ],
    [
      1.0,
      1.0,
      1.0,
      1.0,
      1.0,
      1.0,
      1.0,
      1.0
    ],
    [
      1.0,
      1.0,
      1.0,
      1.0,
      1.0,
      1.0,
      1.0,
      1.0
    ],
    [
      1.0,
      1.0,
      1.0,
      1.0,
      1.0,
      1.0,
      1.0,
      1.0
    ],
    [
      1.7999999523162842,
      0.800000011920929,
      0.800000011920929,
      0.800000011920929,
      0.800000011920929,
      0.800000011920929,
      0.800000011920929,
      0.800000011920929
    ],
    [
      3.0,
      0.800000011920929,
      0.800000011920929,
      0.800000011920929,
      0.800000011920929,
      0.800000011920929,
      0.800000011920929,
      0.800000011920929
    ],
    [
      1.0,
      1.0,
      1.0,
      1.0,
      1.0,
      1.0,
      1.0,
      1.0
    ],
    [
      3.799999952316284,
      0.800000011920929,
      0.800000011920929,
      0.800000011920929,
      0.800000011920929,
      0.800000011920929,
      0.800000011920929,
      0.800000011920929
    ]
  ],
  "self_check": {
    "devkit_validation": {
      "valid": true,
      "samples": 8,
      "input_name": "windows",
      "probability_output": "probabilities",
      "relevance_output": "relevance",
      "load_seconds": 0.005709199991542846,
      "inference_seconds": 0.0007217999955173582,
      "probability_sum_min": 0.9999998211860657,
      "probability_sum_max": 1.0,
      "relevance_min": 0.001319337636232376,
      "relevance_max": 19.666790008544922
    },
    "prob_shape": [
      8,
      9
    ],
    "relevance_shape": [
      8,
      8,
      100
    ],
    "prob_row_sum_range": [
      0.9999998211860657,
      1.0
    ],
    "relevance_min": 0.001319337636232376
  },
  "public_metrics": {
    "n": 5000,
    "macro_f1": 0.9891530016579669,
    "faith": 0.7509399842470884,
    "deletion_auc": 0.20690841749310496,
    "insertion_auc": 0.7087883859872818,
    "simplicity": 0.9220046544939587,
    "operator_count": 41,
    "parameter_count": 40409,
    "eligible": true,
    "mechanical": null,
    "expected_band_mass": null
  },
  "proxy_metrics": {
    "audit_peaks": {
      "n": 5000,
      "macro_f1": 0.9891530016579669,
      "faith": 0.7509399842470884,
      "deletion_auc": 0.20690841749310496,
      "insertion_auc": 0.7087883859872818,
      "simplicity": 0.9220046544939587,
      "operator_count": 41,
      "parameter_count": 40409,
      "eligible": true,
      "mechanical": 0.43599206512323374,
      "expected_band_mass": 0.24869298980176918
    },
    "audit_peaks_broad": {
      "n": 5000,
      "macro_f1": 0.9891530016579669,
      "faith": 0.7509399842470884,
      "deletion_auc": 0.20690841749310496,
      "insertion_auc": 0.7087883859872818,
      "simplicity": 0.9220046544939587,
      "operator_count": 41,
      "parameter_count": 40409,
      "eligible": true,
      "mechanical": 0.446456175226842,
      "expected_band_mass": 0.2626338918487191
    },
    "low_frequency": {
      "n": 5000,
      "macro_f1": 0.9891530016579669,
      "faith": 0.7509399842470884,
      "deletion_auc": 0.20690841749310496,
      "insertion_auc": 0.7087883859872818,
      "simplicity": 0.9220046544939587,
      "operator_count": 41,
      "parameter_count": 40409,
      "eligible": true,
      "mechanical": 0.6239925423718558,
      "expected_band_mass": 0.4998700809698852
    },
    "high_mid": {
      "n": 5000,
      "macro_f1": 0.9891530016579669,
      "faith": 0.7509399842470884,
      "deletion_auc": 0.20690841749310496,
      "insertion_auc": 0.7087883859872818,
      "simplicity": 0.9220046544939587,
      "operator_count": 41,
      "parameter_count": 40409,
      "eligible": true,
      "mechanical": 0.3393728652933686,
      "expected_band_mass": 0.11941508823960799
    }
  }
}