{
  "description": "base final2 relevance, exported through wrapper",
  "implementation": "direct",
  "onnx_path": "runs\\mech_gate_exp021_grid_hi\\identity\\model.onnx",
  "parameters": 39689,
  "gates": [
    [
      1.0,
      1.0,
      1.0,
      1.0,
      1.0,
      1.0,
      1.0,
      1.0
    ],
    [
      1.0,
      1.0,
      1.0,
      1.0,
      1.0,
      1.0,
      1.0,
      1.0
    ],
    [
      1.0,
      1.0,
      1.0,
      1.0,
      1.0,
      1.0,
      1.0,
      1.0
    ],
    [
      1.0,
      1.0,
      1.0,
      1.0,
      1.0,
      1.0,
      1.0,
      1.0
    ],
    [
      1.0,
      1.0,
      1.0,
      1.0,
      1.0,
      1.0,
      1.0,
      1.0
    ],
    [
      1.0,
      1.0,
      1.0,
      1.0,
      1.0,
      1.0,
      1.0,
      1.0
    ],
    [
      1.0,
      1.0,
      1.0,
      1.0,
      1.0,
      1.0,
      1.0,
      1.0
    ],
    [
      1.0,
      1.0,
      1.0,
      1.0,
      1.0,
      1.0,
      1.0,
      1.0
    ],
    [
      1.0,
      1.0,
      1.0,
      1.0,
      1.0,
      1.0,
      1.0,
      1.0
    ]
  ],
  "self_check": {
    "devkit_validation": {
      "valid": true,
      "samples": 8,
      "input_name": "windows",
      "probability_output": "probabilities",
      "relevance_output": "relevance",
      "load_seconds": 0.01909699999669101,
      "inference_seconds": 0.0011250999959884211,
      "probability_sum_min": 0.9999998211860657,
      "probability_sum_max": 1.0,
      "relevance_min": 0.0013198633678257465,
      "relevance_max": 19.675323486328125
    },
    "prob_shape": [
      8,
      9
    ],
    "relevance_shape": [
      8,
      8,
      100
    ],
    "prob_row_sum_range": [
      0.9999998211860657,
      1.0
    ],
    "relevance_min": 0.0013198633678257465
  },
  "public_metrics": {
    "n": 5000,
    "macro_f1": 0.9870387458226878,
    "faith": 0.7292216662317513,
    "deletion_auc": 0.24465275779366497,
    "insertion_auc": 0.7030960902571677,
    "simplicity": 0.9220046544939587,
    "operator_count": 41,
    "parameter_count": 40409,
    "eligible": true,
    "mechanical": null,
    "expected_band_mass": null
  },
  "proxy_metrics": {
    "audit_peaks": {
      "n": 5000,
      "macro_f1": 0.9870387458226878,
      "faith": 0.7292216662317513,
      "deletion_auc": 0.24465275779366497,
      "insertion_auc": 0.7030960902571677,
      "simplicity": 0.9220046544939587,
      "operator_count": 41,
      "parameter_count": 40409,
      "eligible": true,
      "mechanical": 0.4147939674479251,
      "expected_band_mass": 0.22003991006240803
    },
    "audit_peaks_broad": {
      "n": 5000,
      "macro_f1": 0.9870387458226878,
      "faith": 0.7292216662317513,
      "deletion_auc": 0.24465275779366497,
      "insertion_auc": 0.7030960902571677,
      "simplicity": 0.9220046544939587,
      "operator_count": 41,
      "parameter_count": 40409,
      "eligible": true,
      "mechanical": 0.4260960855059761,
      "expected_band_mass": 0.23509784434590902
    },
    "low_frequency": {
      "n": 5000,
      "macro_f1": 0.9870387458226878,
      "faith": 0.7292216662317513,
      "deletion_auc": 0.24465275779366497,
      "insertion_auc": 0.7030960902571677,
      "simplicity": 0.9220046544939587,
      "operator_count": 41,
      "parameter_count": 40409,
      "eligible": true,
      "mechanical": 0.6099617599288741,
      "expected_band_mass": 0.4807726602355787
    },
    "high_mid": {
      "n": 5000,
      "macro_f1": 0.9870387458226878,
      "faith": 0.7292216662317513,
      "deletion_auc": 0.24465275779366497,
      "insertion_auc": 0.7030960902571677,
      "simplicity": 0.9220046544939587,
      "operator_count": 41,
      "parameter_count": 40409,
      "eligible": true,
      "mechanical": 0.3328145966765841,
      "expected_band_mass": 0.11053301143134804
    }
  }
}