{
  "description": "dynamic asymmetric motor gates: BWF 1.8, CWF 3, ORF 3.8",
  "implementation": "direct",
  "onnx_path": "runs\\mech_gate_exp021_grid_hi\\lowfreq_asym_b1p8_c3_o3p8\\model.onnx",
  "parameters": 39689,
  "gates": [
    [
      1.0,
      1.0,
      1.0,
      1.0,
      1.0,
      1.0,
      1.0,
      1.0
    ],
    [
      1.0,
      1.0,
      1.0,
      1.0,
      1.0,
      1.0,
      1.0,
      1.0
    ],
    [
      1.0,
      1.0,
      1.0,
      1.0,
      1.0,
      1.0,
      1.0,
      1.0
    ],
    [
      1.0,
      1.0,
      1.0,
      1.0,
      1.0,
      1.0,
      1.0,
      1.0
    ],
    [
      1.0,
      1.0,
      1.0,
      1.0,
      1.0,
      1.0,
      1.0,
      1.0
    ],
    [
      1.7999999523162842,
      1.0,
      1.0,
      1.0,
      1.0,
      1.0,
      1.0,
      1.0
    ],
    [
      3.0,
      1.0,
      1.0,
      1.0,
      1.0,
      1.0,
      1.0,
      1.0
    ],
    [
      1.0,
      1.0,
      1.0,
      1.0,
      1.0,
      1.0,
      1.0,
      1.0
    ],
    [
      3.799999952316284,
      1.0,
      1.0,
      1.0,
      1.0,
      1.0,
      1.0,
      1.0
    ]
  ],
  "self_check": {
    "devkit_validation": {
      "valid": true,
      "samples": 8,
      "input_name": "windows",
      "probability_output": "probabilities",
      "relevance_output": "relevance",
      "load_seconds": 0.005636900008539669,
      "inference_seconds": 0.0007458000036422163,
      "probability_sum_min": 0.9999998211860657,
      "probability_sum_max": 1.0,
      "relevance_min": 0.0013198633678257465,
      "relevance_max": 19.675323486328125
    },
    "prob_shape": [
      8,
      9
    ],
    "relevance_shape": [
      8,
      8,
      100
    ],
    "prob_row_sum_range": [
      0.9999998211860657,
      1.0
    ],
    "relevance_min": 0.0013198633678257465
  },
  "public_metrics": {
    "n": 5000,
    "macro_f1": 0.9870387458226878,
    "faith": 0.749012479186058,
    "deletion_auc": 0.21070446670055393,
    "insertion_auc": 0.70872942507267,
    "simplicity": 0.9220046544939587,
    "operator_count": 41,
    "parameter_count": 40409,
    "eligible": true,
    "mechanical": null,
    "expected_band_mass": null
  },
  "proxy_metrics": {
    "audit_peaks": {
      "n": 5000,
      "macro_f1": 0.9870387458226878,
      "faith": 0.749012479186058,
      "deletion_auc": 0.21070446670055393,
      "insertion_auc": 0.70872942507267,
      "simplicity": 0.9220046544939587,
      "operator_count": 41,
      "parameter_count": 40409,
      "eligible": true,
      "mechanical": 0.4317703000161313,
      "expected_band_mass": 0.24297328299395063
    },
    "audit_peaks_broad": {
      "n": 5000,
      "macro_f1": 0.9870387458226878,
      "faith": 0.749012479186058,
      "deletion_auc": 0.21070446670055393,
      "insertion_auc": 0.70872942507267,
      "simplicity": 0.9220046544939587,
      "operator_count": 41,
      "parameter_count": 40409,
      "eligible": true,
      "mechanical": 0.44240984018982343,
      "expected_band_mass": 0.257147177047052
    },
    "low_frequency": {
      "n": 5000,
      "macro_f1": 0.9870387458226878,
      "faith": 0.749012479186058,
      "deletion_auc": 0.21070446670055393,
      "insertion_auc": 0.70872942507267,
      "simplicity": 0.9220046544939587,
      "operator_count": 41,
      "parameter_count": 40409,
      "eligible": true,
      "mechanical": 0.6276535863629515,
      "expected_band_mass": 0.5046837309423865
    },
    "high_mid": {
      "n": 5000,
      "macro_f1": 0.9870387458226878,
      "faith": 0.749012479186058,
      "deletion_auc": 0.21070446670055393,
      "insertion_auc": 0.70872942507267,
      "simplicity": 0.9220046544939587,
      "operator_count": 41,
      "parameter_count": 40409,
      "eligible": true,
      "mechanical": 0.3372977276357971,
      "expected_band_mass": 0.11661478464688446
    }
  }
}