{
  "description": "small torque bias for most fault classes",
  "onnx_path": "runs\\mech_gate_exp014\\mild_torque\\model.onnx",
  "parameters": 39689,
  "gates": [
    [
      1.0,
      1.0,
      1.0,
      1.0,
      1.0,
      1.0,
      1.0,
      1.0
    ],
    [
      1.0,
      1.0,
      1.0,
      1.0,
      1.350000023841858,
      1.0,
      1.0,
      1.0
    ],
    [
      1.0,
      1.0,
      1.0,
      1.0,
      1.350000023841858,
      1.0,
      1.0,
      1.0
    ],
    [
      1.0,
      1.0,
      1.0,
      1.0,
      1.350000023841858,
      1.0,
      1.0,
      1.0
    ],
    [
      1.0,
      1.0,
      1.0,
      1.0,
      1.350000023841858,
      1.0,
      1.0,
      1.0
    ],
    [
      1.0,
      1.0,
      1.0,
      1.0,
      1.350000023841858,
      1.0,
      1.0,
      1.0
    ],
    [
      1.2000000476837158,
      1.0,
      1.0,
      1.0,
      1.0,
      1.2000000476837158,
      1.0,
      1.0
    ],
    [
      1.0,
      1.0,
      1.0,
      1.0,
      1.350000023841858,
      1.0,
      1.0,
      1.0
    ],
    [
      1.0,
      1.0,
      1.0,
      1.0,
      1.350000023841858,
      1.0,
      1.0,
      1.0
    ]
  ],
  "self_check": {
    "devkit_validation": {
      "valid": true,
      "samples": 8,
      "input_name": "windows",
      "probability_output": "probabilities",
      "relevance_output": "relevance",
      "load_seconds": 0.010951099990052171,
      "inference_seconds": 0.001248700005817227,
      "probability_sum_min": 0.9999998211860657,
      "probability_sum_max": 1.0,
      "relevance_min": 0.0013198633678257465,
      "relevance_max": 19.734426498413086
    },
    "prob_shape": [
      8,
      9
    ],
    "relevance_shape": [
      8,
      8,
      100
    ],
    "prob_row_sum_range": [
      0.9999998211860657,
      1.0
    ],
    "relevance_min": 0.0013198633678257465
  },
  "public_metrics": {
    "n": 3000,
    "macro_f1": 0.9923999582204964,
    "faith": 0.728071491420269,
    "deletion_auc": 0.24783468693494803,
    "insertion_auc": 0.7039776697754859,
    "simplicity": 0.9185350883144372,
    "operator_count": 45,
    "parameter_count": 40481,
    "eligible": true,
    "mechanical": null,
    "expected_band_mass": null
  },
  "proxy_metrics": {
    "audit_peaks": {
      "n": 3000,
      "macro_f1": 0.9923999582204964,
      "faith": 0.728071491420269,
      "deletion_auc": 0.24783468693494803,
      "insertion_auc": 0.7039776697754859,
      "simplicity": 0.9185350883144372,
      "operator_count": 45,
      "parameter_count": 40481,
      "eligible": true,
      "mechanical": 0.41903450724221236,
      "expected_band_mass": 0.22572704934281762
    },
    "audit_peaks_broad": {
      "n": 3000,
      "macro_f1": 0.9923999582204964,
      "faith": 0.728071491420269,
      "deletion_auc": 0.24783468693494803,
      "insertion_auc": 0.7039776697754859,
      "simplicity": 0.9185350883144372,
      "operator_count": 45,
      "parameter_count": 40481,
      "eligible": true,
      "mechanical": 0.4303424925701852,
      "expected_band_mass": 0.24079473200566384
    },
    "low_frequency": {
      "n": 3000,
      "macro_f1": 0.9923999582204964,
      "faith": 0.728071491420269,
      "deletion_auc": 0.24783468693494803,
      "insertion_auc": 0.7039776697754859,
      "simplicity": 0.9185350883144372,
      "operator_count": 45,
      "parameter_count": 40481,
      "eligible": true,
      "mechanical": 0.6029181499423901,
      "expected_band_mass": 0.4713667052794061
    },
    "high_mid": {
      "n": 3000,
      "macro_f1": 0.9923999582204964,
      "faith": 0.728071491420269,
      "deletion_auc": 0.24783468693494803,
      "insertion_auc": 0.7039776697754859,
      "simplicity": 0.9185350883144372,
      "operator_count": 45,
      "parameter_count": 40481,
      "eligible": true,
      "mechanical": 0.33496125313068115,
      "expected_band_mass": 0.11341912210731486
    }
  }
}