{
  "variant": {
    "name": "both_l2",
    "lam": 2.0,
    "mode": "both",
    "tau": 0.7
  },
  "onnx_path": "runs\\carrier_exp034b\\both_l2\\model.onnx",
  "self_check": {
    "devkit_validation": {
      "valid": true,
      "samples": 8,
      "input_name": "windows",
      "probability_output": "probabilities",
      "relevance_output": "relevance",
      "load_seconds": 0.014467700006207451,
      "inference_seconds": 0.002785699995001778,
      "probability_sum_min": 0.9999999403953552,
      "probability_sum_max": 1.0000001192092896,
      "relevance_min": 4.803560295840725e-05,
      "relevance_max": 3.4767534732818604
    },
    "prob_shape": [
      8,
      9
    ],
    "relevance_shape": [
      8,
      8,
      100
    ],
    "prob_row_sum_range": [
      0.9999999403953552,
      1.0000001192092896
    ],
    "relevance_min": 4.803560295840725e-05,
    "max_abs_prob_diff_vs_torch": 1.9669532775878906e-06,
    "max_abs_relevance_diff_vs_torch": 6.198883056640625e-06
  },
  "mech_gear": {
    "model": "runs\\carrier_exp034b\\both_l2\\model.onnx",
    "gear_only": true,
    "contexts": 76,
    "overall": {
      "metric_version": "mechanical_v2",
      "mechanical_score": 0.20791010079495012,
      "expected_band_enrichment": 0.20791013740731157,
      "relevance_stability": 0.9999984740386946,
      "contexts": 76,
      "strategy_counts": {
        "fixed_condition": 36,
        "spectral_ridge": 40
      },
      "estimated_speed_hz_min": 2.9166666666666665,
      "estimated_speed_hz_max": 50.0
    },
    "per_class": {
      "CTF": {
        "contexts": 19,
        "mech": 0.20407762223919948,
        "enrichment": 0.2040776576029467,
        "stability": 0.9999991097091917,
        "strategies": {
          "fixed_condition": 9,
          "spectral_ridge": 10
        }
      },
      "MTF": {
        "contexts": 19,
        "mech": 0.20111897411286161,
        "enrichment": 0.20111902090964007,
        "stability": 0.999998729970085,
        "strategies": {
          "fixed_condition": 9,
          "spectral_ridge": 10
        }
      },
      "RCF": {
        "contexts": 19,
        "mech": 0.10365977613762747,
        "enrichment": 0.10365981012821109,
        "stability": 0.9999972782927083,
        "strategies": {
          "fixed_condition": 9,
          "spectral_ridge": 10
        }
      },
      "SWF": {
        "contexts": 19,
        "mech": 0.3227840306901121,
        "enrichment": 0.3227840609884485,
        "stability": 0.9999987781827926,
        "strategies": {
          "fixed_condition": 9,
          "spectral_ridge": 10
        }
      }
    }
  },
  "faith": {
    "n": 3000,
    "macro_f1": 0.9818385509886356,
    "faith": 0.8190253913402559,
    "deletion_auc": 0.21874423027038575,
    "insertion_auc": 0.8567950129508973,
    "simplicity": 0.8773260985802527,
    "operator_count": 85,
    "parameter_count": 50747,
    "eligible": true
  }
}