{
  "description": "only ORF receives a stronger motor gate",
  "implementation": "direct",
  "onnx_path": "runs\\mech_gate_exp019_asym\\orf_motor_3p0\\model.onnx",
  "parameters": 39689,
  "gates": [
    [
      1.0,
      1.0,
      1.0,
      1.0,
      1.0,
      1.0,
      1.0,
      1.0
    ],
    [
      1.0,
      1.0,
      1.0,
      1.0,
      1.0,
      1.0,
      1.0,
      1.0
    ],
    [
      1.0,
      1.0,
      1.0,
      1.0,
      1.0,
      1.0,
      1.0,
      1.0
    ],
    [
      1.0,
      1.0,
      1.0,
      1.0,
      1.0,
      1.0,
      1.0,
      1.0
    ],
    [
      1.0,
      1.0,
      1.0,
      1.0,
      1.0,
      1.0,
      1.0,
      1.0
    ],
    [
      1.0,
      1.0,
      1.0,
      1.0,
      1.0,
      1.0,
      1.0,
      1.0
    ],
    [
      1.0,
      1.0,
      1.0,
      1.0,
      1.0,
      1.0,
      1.0,
      1.0
    ],
    [
      1.0,
      1.0,
      1.0,
      1.0,
      1.0,
      1.0,
      1.0,
      1.0
    ],
    [
      3.0,
      1.0,
      1.0,
      1.0,
      1.0,
      1.0,
      1.0,
      1.0
    ]
  ],
  "self_check": {
    "devkit_validation": {
      "valid": true,
      "samples": 8,
      "input_name": "windows",
      "probability_output": "probabilities",
      "relevance_output": "relevance",
      "load_seconds": 0.00608500000089407,
      "inference_seconds": 0.0007620999967912212,
      "probability_sum_min": 0.9999998211860657,
      "probability_sum_max": 1.0,
      "relevance_min": 0.0013198633678257465,
      "relevance_max": 19.675323486328125
    },
    "prob_shape": [
      8,
      9
    ],
    "relevance_shape": [
      8,
      8,
      100
    ],
    "prob_row_sum_range": [
      0.9999998211860657,
      1.0
    ],
    "relevance_min": 0.0013198633678257465
  },
  "public_metrics": {
    "n": 6000,
    "macro_f1": 0.9895825696933296,
    "faith": 0.7468700062483549,
    "deletion_auc": 0.22058816179633145,
    "insertion_auc": 0.7143281742930412,
    "simplicity": 0.9220046544939587,
    "operator_count": 41,
    "parameter_count": 40409,
    "eligible": true,
    "mechanical": null,
    "expected_band_mass": null
  },
  "proxy_metrics": {
    "audit_peaks": {
      "n": 6000,
      "macro_f1": 0.9895825696933296,
      "faith": 0.7468700062483549,
      "deletion_auc": 0.22058816179633145,
      "insertion_auc": 0.7143281742930412,
      "simplicity": 0.9220046544939587,
      "operator_count": 41,
      "parameter_count": 40409,
      "eligible": true,
      "mechanical": 0.4235402468499486,
      "expected_band_mass": 0.23181449356422756
    },
    "audit_peaks_broad": {
      "n": 6000,
      "macro_f1": 0.9895825696933296,
      "faith": 0.7468700062483549,
      "deletion_auc": 0.22058816179633145,
      "insertion_auc": 0.7143281742930412,
      "simplicity": 0.9220046544939587,
      "operator_count": 41,
      "parameter_count": 40409,
      "eligible": true,
      "mechanical": 0.43461798338212315,
      "expected_band_mass": 0.24657298735614958
    },
    "low_frequency": {
      "n": 6000,
      "macro_f1": 0.9895825696933296,
      "faith": 0.7468700062483549,
      "deletion_auc": 0.22058816179633145,
      "insertion_auc": 0.7143281742930412,
      "simplicity": 0.9220046544939587,
      "operator_count": 41,
      "parameter_count": 40409,
      "eligible": true,
      "mechanical": 0.6156622160337344,
      "expected_band_mass": 0.48848120135438117
    },
    "high_mid": {
      "n": 6000,
      "macro_f1": 0.9895825696933296,
      "faith": 0.7468700062483549,
      "deletion_auc": 0.22058816179633145,
      "insertion_auc": 0.7143281742930412,
      "simplicity": 0.9220046544939587,
      "operator_count": 41,
      "parameter_count": 40409,
      "eligible": true,
      "mechanical": 0.33216952840149805,
      "expected_band_mass": 0.10967354872233875
    }
  }
}