{
  "description": "motor bias only for low-frequency proxy classes; mild torque elsewhere",
  "onnx_path": "runs\\mech_gate_exp014_confirm\\lowfreq_motor\\model.onnx",
  "parameters": 39689,
  "gates": [
    [
      1.0,
      1.0,
      1.0,
      1.0,
      1.0,
      1.0,
      1.0,
      1.0
    ],
    [
      1.0,
      1.0,
      1.0,
      1.0,
      1.149999976158142,
      1.0,
      1.0,
      1.0
    ],
    [
      1.0,
      1.0,
      1.0,
      1.0,
      1.149999976158142,
      1.0,
      1.0,
      1.0
    ],
    [
      1.0,
      1.0,
      1.0,
      1.0,
      1.149999976158142,
      1.0,
      1.0,
      1.0
    ],
    [
      1.0,
      1.0,
      1.0,
      1.0,
      1.149999976158142,
      1.0,
      1.0,
      1.0
    ],
    [
      1.7999999523162842,
      1.0,
      1.0,
      1.0,
      1.0,
      1.0,
      1.0,
      1.0
    ],
    [
      1.7999999523162842,
      1.0,
      1.0,
      1.0,
      1.0,
      1.0,
      1.0,
      1.0
    ],
    [
      1.0,
      1.0,
      1.0,
      1.0,
      1.149999976158142,
      1.0,
      1.0,
      1.0
    ],
    [
      1.7999999523162842,
      1.0,
      1.0,
      1.0,
      1.0,
      1.0,
      1.0,
      1.0
    ]
  ],
  "self_check": {
    "devkit_validation": {
      "valid": true,
      "samples": 8,
      "input_name": "windows",
      "probability_output": "probabilities",
      "relevance_output": "relevance",
      "load_seconds": 0.009708700003102422,
      "inference_seconds": 0.0019025000074179843,
      "probability_sum_min": 0.9999998211860657,
      "probability_sum_max": 1.0,
      "relevance_min": 0.0013198633678257465,
      "relevance_max": 19.697893142700195
    },
    "prob_shape": [
      8,
      9
    ],
    "relevance_shape": [
      8,
      8,
      100
    ],
    "prob_row_sum_range": [
      0.9999998211860657,
      1.0
    ],
    "relevance_min": 0.0013198633678257465
  },
  "public_metrics": {
    "n": 12000,
    "macro_f1": 0.9882473660493886,
    "faith": 0.7448832802474499,
    "deletion_auc": 0.22151083946228028,
    "insertion_auc": 0.71127739995718,
    "simplicity": 0.9185350883144372,
    "operator_count": 45,
    "parameter_count": 40481,
    "eligible": true,
    "mechanical": null,
    "expected_band_mass": null
  },
  "proxy_metrics": {
    "audit_peaks": {
      "n": 12000,
      "macro_f1": 0.9882473660493886,
      "faith": 0.7448832802474499,
      "deletion_auc": 0.22151083946228028,
      "insertion_auc": 0.71127739995718,
      "simplicity": 0.9185350883144372,
      "operator_count": 45,
      "parameter_count": 40481,
      "eligible": true,
      "mechanical": 0.4247314268004027,
      "expected_band_mass": 0.23345708237840745
    },
    "audit_peaks_broad": {
      "n": 12000,
      "macro_f1": 0.9882473660493886,
      "faith": 0.7448832802474499,
      "deletion_auc": 0.22151083946228028,
      "insertion_auc": 0.71127739995718,
      "simplicity": 0.9185350883144372,
      "operator_count": 45,
      "parameter_count": 40481,
      "eligible": true,
      "mechanical": 0.4358080934096772,
      "expected_band_mass": 0.24821544324217093
    },
    "low_frequency": {
      "n": 12000,
      "macro_f1": 0.9882473660493886,
      "faith": 0.7448832802474499,
      "deletion_auc": 0.22151083946228028,
      "insertion_auc": 0.71127739995718,
      "simplicity": 0.9185350883144372,
      "operator_count": 45,
      "parameter_count": 40481,
      "eligible": true,
      "mechanical": 0.6157303505420426,
      "expected_band_mass": 0.4886114354565312
    },
    "high_mid": {
      "n": 12000,
      "macro_f1": 0.9882473660493886,
      "faith": 0.7448832802474499,
      "deletion_auc": 0.22151083946228028,
      "insertion_auc": 0.71127739995718,
      "simplicity": 0.9185350883144372,
      "operator_count": 45,
      "parameter_count": 40481,
      "eligible": true,
      "mechanical": 0.3355059242267125,
      "expected_band_mass": 0.11417749748252974
    }
  }
}