{
  "checkpoint": "runs\\final2\\model.pt",
  "eval_n": 80,
  "seed": 14014,
  "presets": {
    "identity": {
      "description": "base final2 relevance, exported through wrapper",
      "implementation": "direct",
      "onnx_path": "runs\\mech_gate_direct_smoke\\identity\\model.onnx",
      "parameters": 39689,
      "gates": [
        [
          1.0,
          1.0,
          1.0,
          1.0,
          1.0,
          1.0,
          1.0,
          1.0
        ],
        [
          1.0,
          1.0,
          1.0,
          1.0,
          1.0,
          1.0,
          1.0,
          1.0
        ],
        [
          1.0,
          1.0,
          1.0,
          1.0,
          1.0,
          1.0,
          1.0,
          1.0
        ],
        [
          1.0,
          1.0,
          1.0,
          1.0,
          1.0,
          1.0,
          1.0,
          1.0
        ],
        [
          1.0,
          1.0,
          1.0,
          1.0,
          1.0,
          1.0,
          1.0,
          1.0
        ],
        [
          1.0,
          1.0,
          1.0,
          1.0,
          1.0,
          1.0,
          1.0,
          1.0
        ],
        [
          1.0,
          1.0,
          1.0,
          1.0,
          1.0,
          1.0,
          1.0,
          1.0
        ],
        [
          1.0,
          1.0,
          1.0,
          1.0,
          1.0,
          1.0,
          1.0,
          1.0
        ],
        [
          1.0,
          1.0,
          1.0,
          1.0,
          1.0,
          1.0,
          1.0,
          1.0
        ]
      ],
      "self_check": {
        "devkit_validation": {
          "valid": true,
          "samples": 8,
          "input_name": "windows",
          "probability_output": "probabilities",
          "relevance_output": "relevance",
          "load_seconds": 0.020133800004259683,
          "inference_seconds": 0.0013279000122565776,
          "probability_sum_min": 0.9999998211860657,
          "probability_sum_max": 1.0,
          "relevance_min": 0.0013198633678257465,
          "relevance_max": 19.675323486328125
        },
        "prob_shape": [
          8,
          9
        ],
        "relevance_shape": [
          8,
          8,
          100
        ],
        "prob_row_sum_range": [
          0.9999998211860657,
          1.0
        ],
        "relevance_min": 0.0013198633678257465
      },
      "public_metrics": {
        "n": 80,
        "macro_f1": 1.0,
        "faith": 0.7241773903369904,
        "deletion_auc": 0.244166573882103,
        "insertion_auc": 0.6925213545560837,
        "simplicity": 0.9220046544939587,
        "operator_count": 41,
        "parameter_count": 40409,
        "eligible": true,
        "mechanical": null,
        "expected_band_mass": null
      },
      "proxy_metrics": {
        "audit_peaks": {
          "n": 80,
          "macro_f1": 1.0,
          "faith": 0.7241773903369904,
          "deletion_auc": 0.244166573882103,
          "insertion_auc": 0.6925213545560837,
          "simplicity": 0.9220046544939587,
          "operator_count": 41,
          "parameter_count": 40409,
          "eligible": true,
          "mechanical": 0.40342306162432906,
          "expected_band_mass": 0.20488094547799687
        },
        "audit_peaks_broad": {
          "n": 80,
          "macro_f1": 1.0,
          "faith": 0.7241773903369904,
          "deletion_auc": 0.244166573882103,
          "insertion_auc": 0.6925213545560837,
          "simplicity": 0.9220046544939587,
          "operator_count": 41,
          "parameter_count": 40409,
          "eligible": true,
          "mechanical": 0.4149893875297694,
          "expected_band_mass": 0.22029412663695241
        },
        "low_frequency": {
          "n": 80,
          "macro_f1": 1.0,
          "faith": 0.7241773903369904,
          "deletion_auc": 0.244166573882103,
          "insertion_auc": 0.6925213545560837,
          "simplicity": 0.9220046544939587,
          "operator_count": 41,
          "parameter_count": 40409,
          "eligible": true,
          "mechanical": 0.6111060565685911,
          "expected_band_mass": 0.48229751274562205
        },
        "high_mid": {
          "n": 80,
          "macro_f1": 1.0,
          "faith": 0.7241773903369904,
          "deletion_auc": 0.244166573882103,
          "insertion_auc": 0.6925213545560837,
          "simplicity": 0.9220046544939587,
          "operator_count": 41,
          "parameter_count": 40409,
          "eligible": true,
          "mechanical": 0.3394162177471713,
          "expected_band_mass": 0.11933702892187936
        }
      }
    },
    "lowfreq_motor": {
      "description": "motor bias only for low-frequency proxy classes; mild torque elsewhere",
      "implementation": "direct",
      "onnx_path": "runs\\mech_gate_direct_smoke\\lowfreq_motor\\model.onnx",
      "parameters": 39689,
      "gates": [
        [
          1.0,
          1.0,
          1.0,
          1.0,
          1.0,
          1.0,
          1.0,
          1.0
        ],
        [
          1.0,
          1.0,
          1.0,
          1.0,
          1.149999976158142,
          1.0,
          1.0,
          1.0
        ],
        [
          1.0,
          1.0,
          1.0,
          1.0,
          1.149999976158142,
          1.0,
          1.0,
          1.0
        ],
        [
          1.0,
          1.0,
          1.0,
          1.0,
          1.149999976158142,
          1.0,
          1.0,
          1.0
        ],
        [
          1.0,
          1.0,
          1.0,
          1.0,
          1.149999976158142,
          1.0,
          1.0,
          1.0
        ],
        [
          1.7999999523162842,
          1.0,
          1.0,
          1.0,
          1.0,
          1.0,
          1.0,
          1.0
        ],
        [
          1.7999999523162842,
          1.0,
          1.0,
          1.0,
          1.0,
          1.0,
          1.0,
          1.0
        ],
        [
          1.0,
          1.0,
          1.0,
          1.0,
          1.149999976158142,
          1.0,
          1.0,
          1.0
        ],
        [
          1.7999999523162842,
          1.0,
          1.0,
          1.0,
          1.0,
          1.0,
          1.0,
          1.0
        ]
      ],
      "self_check": {
        "devkit_validation": {
          "valid": true,
          "samples": 8,
          "input_name": "windows",
          "probability_output": "probabilities",
          "relevance_output": "relevance",
          "load_seconds": 0.005892600005608983,
          "inference_seconds": 0.001643700001295656,
          "probability_sum_min": 0.9999998211860657,
          "probability_sum_max": 1.0,
          "relevance_min": 0.0013198633678257465,
          "relevance_max": 19.697010040283203
        },
        "prob_shape": [
          8,
          9
        ],
        "relevance_shape": [
          8,
          8,
          100
        ],
        "prob_row_sum_range": [
          0.9999998211860657,
          1.0
        ],
        "relevance_min": 0.0013198633678257465
      },
      "public_metrics": {
        "n": 80,
        "macro_f1": 1.0,
        "faith": 0.7360251151025295,
        "deletion_auc": 0.22281447201967242,
        "insertion_auc": 0.6948647022247315,
        "simplicity": 0.9220046544939587,
        "operator_count": 41,
        "parameter_count": 40409,
        "eligible": true,
        "mechanical": null,
        "expected_band_mass": null
      },
      "proxy_metrics": {
        "audit_peaks": {
          "n": 80,
          "macro_f1": 1.0,
          "faith": 0.7360251151025295,
          "deletion_auc": 0.22281447201967242,
          "insertion_auc": 0.6948647022247315,
          "simplicity": 0.9220046544939587,
          "operator_count": 41,
          "parameter_count": 40409,
          "eligible": true,
          "mechanical": 0.41120710003887395,
          "expected_band_mass": 0.21542683083041353
        },