{
  "description": "CWF keeps the 2.2 motor gate while ORF is strengthened to 3.0",
  "implementation": "direct",
  "onnx_path": "runs\\mech_gate_exp019_asym\\cwf2p2_orf3p0\\model.onnx",
  "parameters": 39689,
  "gates": [
    [
      1.0,
      1.0,
      1.0,
      1.0,
      1.0,
      1.0,
      1.0,
      1.0
    ],
    [
      1.0,
      1.0,
      1.0,
      1.0,
      1.0,
      1.0,
      1.0,
      1.0
    ],
    [
      1.0,
      1.0,
      1.0,
      1.0,
      1.0,
      1.0,
      1.0,
      1.0
    ],
    [
      1.0,
      1.0,
      1.0,
      1.0,
      1.0,
      1.0,
      1.0,
      1.0
    ],
    [
      1.0,
      1.0,
      1.0,
      1.0,
      1.0,
      1.0,
      1.0,
      1.0
    ],
    [
      1.0,
      1.0,
      1.0,
      1.0,
      1.0,
      1.0,
      1.0,
      1.0
    ],
    [
      2.200000047683716,
      1.0,
      1.0,
      1.0,
      1.0,
      1.0,
      1.0,
      1.0
    ],
    [
      1.0,
      1.0,
      1.0,
      1.0,
      1.0,
      1.0,
      1.0,
      1.0
    ],
    [
      3.0,
      1.0,
      1.0,
      1.0,
      1.0,
      1.0,
      1.0,
      1.0
    ]
  ],
  "self_check": {
    "devkit_validation": {
      "valid": true,
      "samples": 8,
      "input_name": "windows",
      "probability_output": "probabilities",
      "relevance_output": "relevance",
      "load_seconds": 0.006003599992254749,
      "inference_seconds": 0.0008005999989109114,
      "probability_sum_min": 0.9999998211860657,
      "probability_sum_max": 1.0,
      "relevance_min": 0.0013198633678257465,
      "relevance_max": 19.675323486328125
    },
    "prob_shape": [
      8,
      9
    ],
    "relevance_shape": [
      8,
      8,
      100
    ],
    "prob_row_sum_range": [
      0.9999998211860657,
      1.0
    ],
    "relevance_min": 0.0013198633678257465
  },
  "public_metrics": {
    "n": 6000,
    "macro_f1": 0.9895825696933296,
    "faith": 0.7516400825232268,
    "deletion_auc": 0.21187992468476297,
    "insertion_auc": 0.7151600897312165,
    "simplicity": 0.9220046544939587,
    "operator_count": 41,
    "parameter_count": 40409,
    "eligible": true,
    "mechanical": null,
    "expected_band_mass": null
  },
  "proxy_metrics": {
    "audit_peaks": {
      "n": 6000,
      "macro_f1": 0.9895825696933296,
      "faith": 0.7516400825232268,
      "deletion_auc": 0.21187992468476297,
      "insertion_auc": 0.7151600897312165,
      "simplicity": 0.9220046544939587,
      "operator_count": 41,
      "parameter_count": 40409,
      "eligible": true,
      "mechanical": 0.42737060720295694,
      "expected_band_mass": 0.2369984068477797
    },
    "audit_peaks_broad": {
      "n": 6000,
      "macro_f1": 0.9895825696933296,
      "faith": 0.7516400825232268,
      "deletion_auc": 0.21187992468476297,
      "insertion_auc": 0.7151600897312165,
      "simplicity": 0.9220046544939587,
      "operator_count": 41,
      "parameter_count": 40409,
      "eligible": true,
      "mechanical": 0.4382782803757283,
      "expected_band_mass": 0.25152982190692447
    },
    "low_frequency": {
      "n": 6000,
      "macro_f1": 0.9895825696933296,
      "faith": 0.7516400825232268,
      "deletion_auc": 0.21187992468476297,
      "insertion_auc": 0.7151600897312165,
      "simplicity": 0.9220046544939587,
      "operator_count": 41,
      "parameter_count": 40409,
      "eligible": true,
      "mechanical": 0.6195963710657886,
      "expected_band_mass": 0.4938064570437976
    },
    "high_mid": {
      "n": 6000,
      "macro_f1": 0.9895825696933296,
      "faith": 0.7516400825232268,
      "deletion_auc": 0.21187992468476297,
      "insertion_auc": 0.7151600897312165,
      "simplicity": 0.9220046544939587,
      "operator_count": 41,
      "parameter_count": 40409,
      "eligible": true,
      "mechanical": 0.3359646846279194,
      "expected_band_mass": 0.11480934874457756
    }
  }
}