{
  "description": "only BWF/CWF/ORF receive the strong motor gate",
  "implementation": "direct",
  "onnx_path": "runs\\mech_gate_exp019_asym\\lowfreq_motor_only_2p2\\model.onnx",
  "parameters": 39689,
  "gates": [
    [
      1.0,
      1.0,
      1.0,
      1.0,
      1.0,
      1.0,
      1.0,
      1.0
    ],
    [
      1.0,
      1.0,
      1.0,
      1.0,
      1.0,
      1.0,
      1.0,
      1.0
    ],
    [
      1.0,
      1.0,
      1.0,
      1.0,
      1.0,
      1.0,
      1.0,
      1.0
    ],
    [
      1.0,
      1.0,
      1.0,
      1.0,
      1.0,
      1.0,
      1.0,
      1.0
    ],
    [
      1.0,
      1.0,
      1.0,
      1.0,
      1.0,
      1.0,
      1.0,
      1.0
    ],
    [
      2.200000047683716,
      1.0,
      1.0,
      1.0,
      1.0,
      1.0,
      1.0,
      1.0
    ],
    [
      2.200000047683716,
      1.0,
      1.0,
      1.0,
      1.0,
      1.0,
      1.0,
      1.0
    ],
    [
      1.0,
      1.0,
      1.0,
      1.0,
      1.0,
      1.0,
      1.0,
      1.0
    ],
    [
      2.200000047683716,
      1.0,
      1.0,
      1.0,
      1.0,
      1.0,
      1.0,
      1.0
    ]
  ],
  "self_check": {
    "devkit_validation": {
      "valid": true,
      "samples": 8,
      "input_name": "windows",
      "probability_output": "probabilities",
      "relevance_output": "relevance",
      "load_seconds": 0.005592199988313951,
      "inference_seconds": 0.0007501999934902415,
      "probability_sum_min": 0.9999998211860657,
      "probability_sum_max": 1.0,
      "relevance_min": 0.0013198633678257465,
      "relevance_max": 19.675323486328125
    },
    "prob_shape": [
      8,
      9
    ],
    "relevance_shape": [
      8,
      8,
      100
    ],
    "prob_row_sum_range": [
      0.9999998211860657,
      1.0
    ],
    "relevance_min": 0.0013198633678257465
  },
  "public_metrics": {
    "n": 6000,
    "macro_f1": 0.9895825696933296,
    "faith": 0.7494540564715861,
    "deletion_auc": 0.2137892380356789,
    "insertion_auc": 0.7126973509788513,
    "simplicity": 0.9220046544939587,
    "operator_count": 41,
    "parameter_count": 40409,
    "eligible": true,
    "mechanical": null,
    "expected_band_mass": null
  },
  "proxy_metrics": {
    "audit_peaks": {
      "n": 6000,
      "macro_f1": 0.9895825696933296,
      "faith": 0.7494540564715861,
      "deletion_auc": 0.2137892380356789,
      "insertion_auc": 0.7126973509788513,
      "simplicity": 0.9220046544939587,
      "operator_count": 41,
      "parameter_count": 40409,
      "eligible": true,
      "mechanical": 0.42768375860336605,
      "expected_band_mass": 0.23744891754404546
    },
    "audit_peaks_broad": {
      "n": 6000,
      "macro_f1": 0.9895825696933296,
      "faith": 0.7494540564715861,
      "deletion_auc": 0.2137892380356789,
      "insertion_auc": 0.7126973509788513,
      "simplicity": 0.9220046544939587,
      "operator_count": 41,
      "parameter_count": 40409,
      "eligible": true,
      "mechanical": 0.4385804575224406,
      "expected_band_mass": 0.2519662127031954
    },
    "low_frequency": {
      "n": 6000,
      "macro_f1": 0.9895825696933296,
      "faith": 0.7494540564715861,
      "deletion_auc": 0.2137892380356789,
      "insertion_auc": 0.7126973509788513,
      "simplicity": 0.9220046544939587,
      "operator_count": 41,
      "parameter_count": 40409,
      "eligible": true,
      "mechanical": 0.619857114410431,
      "expected_band_mass": 0.4941848452447146
    },
    "high_mid": {
      "n": 6000,
      "macro_f1": 0.9895825696933296,
      "faith": 0.7494540564715861,
      "deletion_auc": 0.2137892380356789,
      "insertion_auc": 0.7126973509788513,
      "simplicity": 0.9220046544939587,
      "operator_count": 41,
      "parameter_count": 40409,
      "eligible": true,
      "mechanical": 0.33581788791770095,
      "expected_band_mass": 0.11461052784021564
    }
  }
}