{
  "classes": [
    "BWF",
    "CWF",
    "ORF"
  ],
  "channel": "motor",
  "onnx_path": "runs\\mech_probes_round1\\probe_trio_motor_hard\\model.onnx",
  "self_check": {
    "devkit_validation": {
      "valid": true,
      "samples": 8,
      "input_name": "windows",
      "probability_output": "probabilities",
      "relevance_output": "relevance",
      "load_seconds": 0.009738399996422231,
      "inference_seconds": 0.003297200004453771,
      "probability_sum_min": 1.0,
      "probability_sum_max": 1.0,
      "relevance_min": 5.094544121675426e-06,
      "relevance_max": 17.069482803344727
    },
    "prob_shape": [
      8,
      9
    ],
    "relevance_shape": [
      8,
      8,
      100
    ],
    "prob_row_sum_range": [
      1.0,
      1.0
    ],
    "relevance_min": 5.094544121675426e-06,
    "max_abs_prob_diff_vs_torch": 2.005085804828539e-21,
    "max_abs_relevance_diff_vs_torch": 1.9073486328125e-05
  },
  "public_metrics": {
    "n": 3000,
    "macro_f1": 0.9881528979415022,
    "faith": 0.8243725825101137,
    "deletion_auc": 0.17552529498934746,
    "insertion_auc": 0.8242704600095748,
    "simplicity": 0.9084745982680427,
    "operator_count": 57,
    "parameter_count": 40506,
    "eligible": true,
    "mechanical": null,
    "expected_band_mass": null
  },
  "proxy_metrics": {
    "audit_peaks": {
      "mechanical": 0.4736147058493494,
      "expected_band_mass": 0.2995436500941569
    },
    "audit_peaks_broad": {
      "mechanical": 0.4823145070317664,
      "expected_band_mass": 0.31113031061617646
    },
    "low_frequency": {
      "mechanical": 0.6745913701489562,
      "expected_band_mass": 0.5681001927310398
    },
    "high_mid": {
      "mechanical": 0.3449152245981102,
      "expected_band_mass": 0.12701561873767994
    }
  }
}