{
  "variant": {
    "name": "chan_g2",
    "occ_alpha": 1.0,
    "occ_eps": 0.2,
    "gamma_t": 0.0,
    "gamma_c": 2.0
  },
  "onnx_path": "runs\\mechv2_exp034\\chan_g2\\model.onnx",
  "self_check": {
    "devkit_validation": {
      "valid": true,
      "samples": 8,
      "input_name": "windows",
      "probability_output": "probabilities",
      "relevance_output": "relevance",
      "load_seconds": 0.013804699992761016,
      "inference_seconds": 0.0032888999994611368,
      "probability_sum_min": 0.9999999403953552,
      "probability_sum_max": 1.0000001192092896,
      "relevance_min": 2.07195171242347e-05,
      "relevance_max": 1.287691354751587
    },
    "prob_shape": [
      8,
      9
    ],
    "relevance_shape": [
      8,
      8,
      100
    ],
    "prob_row_sum_range": [
      0.9999999403953552,
      1.0000001192092896
    ],
    "relevance_min": 2.07195171242347e-05,
    "max_abs_prob_diff_vs_torch": 1.9669532775878906e-06,
    "max_abs_relevance_diff_vs_torch": 1.5497207641601562e-06
  },
  "mech_gear": {
    "model": "runs\\mechv2_exp034\\chan_g2\\model.onnx",
    "gear_only": true,
    "contexts": 76,
    "overall": {
      "metric_version": "mechanical_v2",
      "mechanical_score": 0.11401016885928432,
      "expected_band_enrichment": 0.11401205302575522,
      "relevance_stability": 0.9998735481363193,
      "contexts": 76,
      "strategy_counts": {
        "fixed_condition": 36,
        "spectral_ridge": 40
      },
      "estimated_speed_hz_min": 2.9166666666666665,
      "estimated_speed_hz_max": 50.0
    },
    "per_class": {
      "CTF": {
        "contexts": 19,
        "mech": 0.12835079540315888,
        "enrichment": 0.1283508770607947,
        "stability": 0.9999946755139185,
        "strategies": {
          "fixed_condition": 9,
          "spectral_ridge": 10
        }
      },
      "MTF": {
        "contexts": 19,
        "mech": 0.10322800046121888,
        "enrichment": 0.10322809935921816,
        "stability": 0.9999925571294247,
        "strategies": {
          "fixed_condition": 9,
          "spectral_ridge": 10
        }
      },
      "RCF": {
        "contexts": 19,
        "mech": 0.12532681997236014,
        "enrichment": 0.12533404861208425,
        "stability": 0.9995163624257856,
        "strategies": {
          "fixed_condition": 9,
          "spectral_ridge": 10
        }
      },
      "SWF": {
        "contexts": 19,
        "mech": 0.09913505960039938,
        "enrichment": 0.09913518707092382,
        "stability": 0.9999905974761489,
        "strategies": {
          "fixed_condition": 9,
          "spectral_ridge": 10
        }
      }
    }
  },
  "faith_check": {
    "n": 2000,
    "macro_f1": 0.9815408452021583,
    "faith": 0.7639520019292831,
    "deletion_auc": 0.25635560452938083,
    "insertion_auc": 0.7842596083879471,
    "simplicity": 0.8835262393066409,
    "operator_count": 77,
    "parameter_count": 50767,
    "eligible": true
  }
}