{
  "description": "only CWF receives the strong motor gate",
  "implementation": "direct",
  "onnx_path": "runs\\mech_gate_exp018_ablation\\cwf_motor_2p2\\model.onnx",
  "parameters": 39689,
  "gates": [
    [
      1.0,
      1.0,
      1.0,
      1.0,
      1.0,
      1.0,
      1.0,
      1.0
    ],
    [
      1.0,
      1.0,
      1.0,
      1.0,
      1.0,
      1.0,
      1.0,
      1.0
    ],
    [
      1.0,
      1.0,
      1.0,
      1.0,
      1.0,
      1.0,
      1.0,
      1.0
    ],
    [
      1.0,
      1.0,
      1.0,
      1.0,
      1.0,
      1.0,
      1.0,
      1.0
    ],
    [
      1.0,
      1.0,
      1.0,
      1.0,
      1.0,
      1.0,
      1.0,
      1.0
    ],
    [
      1.0,
      1.0,
      1.0,
      1.0,
      1.0,
      1.0,
      1.0,
      1.0
    ],
    [
      2.200000047683716,
      1.0,
      1.0,
      1.0,
      1.0,
      1.0,
      1.0,
      1.0
    ],
    [
      1.0,
      1.0,
      1.0,
      1.0,
      1.0,
      1.0,
      1.0,
      1.0
    ],
    [
      1.0,
      1.0,
      1.0,
      1.0,
      1.0,
      1.0,
      1.0,
      1.0
    ]
  ],
  "self_check": {
    "devkit_validation": {
      "valid": true,
      "samples": 8,
      "input_name": "windows",
      "probability_output": "probabilities",
      "relevance_output": "relevance",
      "load_seconds": 0.006001700006891042,
      "inference_seconds": 0.0007787999929860234,
      "probability_sum_min": 0.9999998211860657,
      "probability_sum_max": 1.0,
      "relevance_min": 0.0013198633678257465,
      "relevance_max": 19.675323486328125
    },
    "prob_shape": [
      8,
      9
    ],
    "relevance_shape": [
      8,
      8,
      100
    ],
    "prob_row_sum_range": [
      0.9999998211860657,
      1.0
    ],
    "relevance_min": 0.0013198633678257465
  },
  "public_metrics": {
    "n": 6000,
    "macro_f1": 0.9907498977651871,
    "faith": 0.7391155403107404,
    "deletion_auc": 0.23011482730507848,
    "insertion_auc": 0.7083459079265594,
    "simplicity": 0.9220046544939587,
    "operator_count": 41,
    "parameter_count": 40409,
    "eligible": true,
    "mechanical": null,
    "expected_band_mass": null
  },
  "proxy_metrics": {
    "audit_peaks": {
      "n": 6000,
      "macro_f1": 0.9907498977651871,
      "faith": 0.7391155403107404,
      "deletion_auc": 0.23011482730507848,
      "insertion_auc": 0.7083459079265594,
      "simplicity": 0.9220046544939587,
      "operator_count": 41,
      "parameter_count": 40409,
      "eligible": true,
      "mechanical": 0.42054870325446225,
      "expected_band_mass": 0.22779393549220261
    },
    "audit_peaks_broad": {
      "n": 6000,
      "macro_f1": 0.9907498977651871,
      "faith": 0.7391155403107404,
      "deletion_auc": 0.23011482730507848,
      "insertion_auc": 0.7083459079265594,
      "simplicity": 0.9220046544939587,
      "operator_count": 41,
      "parameter_count": 40409,
      "eligible": true,
      "mechanical": 0.43165172528880397,
      "expected_band_mass": 0.2425870674356197
    },
    "low_frequency": {
      "n": 6000,
      "macro_f1": 0.9907498977651871,
      "faith": 0.7391155403107404,
      "deletion_auc": 0.23011482730507848,
      "insertion_auc": 0.7083459079265594,
      "simplicity": 0.9220046544939587,
      "operator_count": 41,
      "parameter_count": 40409,
      "eligible": true,
      "mechanical": 0.6112447133027926,
      "expected_band_mass": 0.4825445409982817
    },
    "high_mid": {
      "n": 6000,
      "macro_f1": 0.9907498977651871,
      "faith": 0.7391155403107404,
      "deletion_auc": 0.23011482730507848,
      "insertion_auc": 0.7083459079265594,
      "simplicity": 0.9220046544939587,
      "operator_count": 41,
      "parameter_count": 40409,
      "eligible": true,
      "mechanical": 0.3359159981965517,
      "expected_band_mass": 0.11474282297449034
    }
  }
}