{
  "description": "aggressive proxy best-channel bets from the mechanical audit",
  "onnx_path": "runs\\mech_gate_exp014_confirm\\sharp_proxy\\model.onnx",
  "parameters": 39689,
  "gates": [
    [
      1.0,
      1.0,
      1.0,
      1.0,
      1.0,
      1.0,
      1.0,
      1.0
    ],
    [
      1.0,
      1.0,
      1.0,
      1.0,
      2.0,
      1.0,
      1.0,
      1.0
    ],
    [
      1.0,
      1.0,
      1.0,
      2.0,
      1.0,
      1.399999976158142,
      1.399999976158142,
      1.0
    ],
    [
      1.0,
      1.0,
      1.0,
      1.0,
      2.0,
      1.0,
      1.0,
      1.0
    ],
    [
      1.0,
      1.0,
      1.0,
      1.0,
      2.0,
      1.0,
      1.0,
      1.0
    ],
    [
      2.200000047683716,
      1.0,
      1.0,
      1.0,
      1.0,
      1.0,
      1.0,
      1.0
    ],
    [
      2.200000047683716,
      1.0,
      1.0,
      1.0,
      1.0,
      1.0,
      1.0,
      1.0
    ],
    [
      1.0,
      1.0,
      1.0,
      1.0,
      2.0,
      1.2999999523162842,
      1.0,
      1.0
    ],
    [
      2.200000047683716,
      1.0,
      1.0,
      1.0,
      1.0,
      1.0,
      1.0,
      1.0
    ]
  ],
  "self_check": {
    "devkit_validation": {
      "valid": true,
      "samples": 8,
      "input_name": "windows",
      "probability_output": "probabilities",
      "relevance_output": "relevance",
      "load_seconds": 0.009456200001295656,
      "inference_seconds": 0.0011646999919321388,
      "probability_sum_min": 0.9999998211860657,
      "probability_sum_max": 1.0,
      "relevance_min": 0.0013198633678257465,
      "relevance_max": 19.750431060791016
    },
    "prob_shape": [
      8,
      9
    ],
    "relevance_shape": [
      8,
      8,
      100
    ],
    "prob_row_sum_range": [
      0.9999998211860657,
      1.0
    ],
    "relevance_min": 0.0013198633678257465
  },
  "public_metrics": {
    "n": 12000,
    "macro_f1": 0.9882473660493886,
    "faith": 0.7443267531692982,
    "deletion_auc": 0.21322015374898914,
    "insertion_auc": 0.7018736600875856,
    "simplicity": 0.9185350883144372,
    "operator_count": 45,
    "parameter_count": 40481,
    "eligible": true,
    "mechanical": null,
    "expected_band_mass": null
  },
  "proxy_metrics": {
    "audit_peaks": {
      "n": 12000,
      "macro_f1": 0.9882473660493886,
      "faith": 0.7443267531692982,
      "deletion_auc": 0.21322015374898914,
      "insertion_auc": 0.7018736600875856,
      "simplicity": 0.9185350883144372,
      "operator_count": 45,
      "parameter_count": 40481,
      "eligible": true,
      "mechanical": 0.4305964566912156,
      "expected_band_mass": 0.24134654491244328
    },
    "audit_peaks_broad": {
      "n": 12000,
      "macro_f1": 0.9882473660493886,
      "faith": 0.7443267531692982,
      "deletion_auc": 0.21322015374898914,
      "insertion_auc": 0.7018736600875856,
      "simplicity": 0.9185350883144372,
      "operator_count": 45,
      "parameter_count": 40481,
      "eligible": true,
      "mechanical": 0.44220209837909985,
      "expected_band_mass": 0.2568121802085369
    },
    "low_frequency": {
      "n": 12000,
      "macro_f1": 0.9882473660493886,
      "faith": 0.7443267531692982,
      "deletion_auc": 0.21322015374898914,
      "insertion_auc": 0.7018736600875856,
      "simplicity": 0.9185350883144372,
      "operator_count": 45,
      "parameter_count": 40481,
      "eligible": true,
      "mechanical": 0.6147782347802112,
      "expected_band_mass": 0.4873615748272008
    },
    "high_mid": {
      "n": 12000,
      "macro_f1": 0.9882473660493886,
      "faith": 0.7443267531692982,
      "deletion_auc": 0.21322015374898914,
      "insertion_auc": 0.7018736600875856,
      "simplicity": 0.9185350883144372,
      "operator_count": 45,
      "parameter_count": 40481,
      "eligible": true,
      "mechanical": 0.3390219989501212,
      "expected_band_mass": 0.11889030005710464
    }
  }
}