{
  "classes": [
    "CTF",
    "MTF",
    "RCF",
    "SWF",
    "IRF"
  ],
  "channel": "torque",
  "onnx_path": "runs\\mech_probes_round1\\probe_quintet_torque\\model.onnx",
  "self_check": {
    "devkit_validation": {
      "valid": true,
      "samples": 8,
      "input_name": "windows",
      "probability_output": "probabilities",
      "relevance_output": "relevance",
      "load_seconds": 0.03278320000390522,
      "inference_seconds": 0.00340469999355264,
      "probability_sum_min": 1.0,
      "probability_sum_max": 1.0,
      "relevance_min": 5.049236278864555e-06,
      "relevance_max": 17.774654388427734
    },
    "prob_shape": [
      8,
      9
    ],
    "relevance_shape": [
      8,
      8,
      100
    ],
    "prob_row_sum_range": [
      1.0,
      1.0
    ],
    "relevance_min": 5.049236278864555e-06,
    "max_abs_prob_diff_vs_torch": 2.005085804828539e-21,
    "max_abs_relevance_diff_vs_torch": 1.811981201171875e-05
  },
  "public_metrics": {
    "n": 3000,
    "macro_f1": 0.9881528979415022,
    "faith": 0.8042463321238755,
    "deletion_auc": 0.19641432687640187,
    "insertion_auc": 0.804906991124153,
    "simplicity": 0.9084745982680427,
    "operator_count": 57,
    "parameter_count": 40506,
    "eligible": true,
    "mechanical": null,
    "expected_band_mass": null
  },
  "proxy_metrics": {
    "audit_peaks": {
      "mechanical": 0.45789675303814037,
      "expected_band_mass": 0.2780749934406158
    },
    "audit_peaks_broad": {
      "mechanical": 0.46736632644768367,
      "expected_band_mass": 0.29069374973499734
    },
    "low_frequency": {
      "mechanical": 0.6259906674558715,
      "expected_band_mass": 0.5025279295459947
    },
    "high_mid": {
      "mechanical": 0.3490226149923765,
      "expected_band_mass": 0.13239989732680438
    }
  }
}