{
  "description": "dynamic focused low-frequency gates: BWF 1.4, CWF 3.2, ORF 4, other channels 0.8",
  "implementation": "direct",
  "onnx_path": "runs\\mech_gate_exp023_focus_local\\lowfreq_focus_b1p4_c3p2_o4_other0p8\\model.onnx",
  "parameters": 39689,
  "gates": [
    [
      1.0,
      1.0,
      1.0,
      1.0,
      1.0,
      1.0,
      1.0,
      1.0
    ],
    [
      1.0,
      1.0,
      1.0,
      1.0,
      1.0,
      1.0,
      1.0,
      1.0
    ],
    [
      1.0,
      1.0,
      1.0,
      1.0,
      1.0,
      1.0,
      1.0,
      1.0
    ],
    [
      1.0,
      1.0,
      1.0,
      1.0,
      1.0,
      1.0,
      1.0,
      1.0
    ],
    [
      1.0,
      1.0,
      1.0,
      1.0,
      1.0,
      1.0,
      1.0,
      1.0
    ],
    [
      1.399999976158142,
      0.800000011920929,
      0.800000011920929,
      0.800000011920929,
      0.800000011920929,
      0.800000011920929,
      0.800000011920929,
      0.800000011920929
    ],
    [
      3.200000047683716,
      0.800000011920929,
      0.800000011920929,
      0.800000011920929,
      0.800000011920929,
      0.800000011920929,
      0.800000011920929,
      0.800000011920929
    ],
    [
      1.0,
      1.0,
      1.0,
      1.0,
      1.0,
      1.0,
      1.0,
      1.0
    ],
    [
      4.0,
      0.800000011920929,
      0.800000011920929,
      0.800000011920929,
      0.800000011920929,
      0.800000011920929,
      0.800000011920929,
      0.800000011920929
    ]
  ],
  "self_check": {
    "devkit_validation": {
      "valid": true,
      "samples": 8,
      "input_name": "windows",
      "probability_output": "probabilities",
      "relevance_output": "relevance",
      "load_seconds": 0.006215399989741854,
      "inference_seconds": 0.0008590000070398673,
      "probability_sum_min": 0.9999998211860657,
      "probability_sum_max": 1.0,
      "relevance_min": 0.001319337636232376,
      "relevance_max": 19.666790008544922
    },
    "prob_shape": [
      8,
      9
    ],
    "relevance_shape": [
      8,
      8,
      100
    ],
    "prob_row_sum_range": [
      0.9999998211860657,
      1.0
    ],
    "relevance_min": 0.001319337636232376
  },
  "public_metrics": {
    "n": 5000,
    "macro_f1": 0.9892873087113174,
    "faith": 0.7538046292960644,
    "deletion_auc": 0.20400431007146838,
    "insertion_auc": 0.7116135686635972,
    "simplicity": 0.9220046544939587,
    "operator_count": 41,
    "parameter_count": 40409,
    "eligible": true,
    "mechanical": null,
    "expected_band_mass": null
  },
  "proxy_metrics": {
    "audit_peaks": {
      "n": 5000,
      "macro_f1": 0.9892873087113174,
      "faith": 0.7538046292960644,
      "deletion_auc": 0.20400431007146838,
      "insertion_auc": 0.7116135686635972,
      "simplicity": 0.9220046544939587,
      "operator_count": 41,
      "parameter_count": 40409,
      "eligible": true,
      "mechanical": 0.43994385352515303,
      "expected_band_mass": 0.2539781119052611
    },
    "audit_peaks_broad": {
      "n": 5000,
      "macro_f1": 0.9892873087113174,
      "faith": 0.7538046292960644,
      "deletion_auc": 0.20400431007146838,
      "insertion_auc": 0.7116135686635972,
      "simplicity": 0.9220046544939587,
      "operator_count": 41,
      "parameter_count": 40409,
      "eligible": true,
      "mechanical": 0.4503556738461475,
      "expected_band_mass": 0.2678489162235983
    },
    "low_frequency": {
      "n": 5000,
      "macro_f1": 0.9892873087113174,
      "faith": 0.7538046292960644,
      "deletion_auc": 0.20400431007146838,
      "insertion_auc": 0.7116135686635972,
      "simplicity": 0.9220046544939587,
      "operator_count": 41,
      "parameter_count": 40409,
      "eligible": true,
      "mechanical": 0.6286949675654805,
      "expected_band_mass": 0.5061533243149446
    },
    "high_mid": {
      "n": 5000,
      "macro_f1": 0.9892873087113174,
      "faith": 0.7538046292960644,
      "deletion_auc": 0.20400431007146838,
      "insertion_auc": 0.7116135686635972,
      "simplicity": 0.9220046544939587,
      "operator_count": 41,
      "parameter_count": 40409,
      "eligible": true,
      "mechanical": 0.3433177111077075,
      "expected_band_mass": 0.12470254310128288
    }
  }
}