{
  "description": "stronger low-frequency motor bias with moderate torque elsewhere",
  "implementation": "direct",
  "onnx_path": "runs\\mech_gate_exp016_scale\\lowfreq_motor_2p2\\model.onnx",
  "parameters": 39689,
  "gates": [
    [
      1.0,
      1.0,
      1.0,
      1.0,
      1.0,
      1.0,
      1.0,
      1.0
    ],
    [
      1.0,
      1.0,
      1.0,
      1.0,
      1.2000000476837158,
      1.0,
      1.0,
      1.0
    ],
    [
      1.0,
      1.0,
      1.0,
      1.0,
      1.2000000476837158,
      1.0,
      1.0,
      1.0
    ],
    [
      1.0,
      1.0,
      1.0,
      1.0,
      1.2000000476837158,
      1.0,
      1.0,
      1.0
    ],
    [
      1.0,
      1.0,
      1.0,
      1.0,
      1.2000000476837158,
      1.0,
      1.0,
      1.0
    ],
    [
      2.200000047683716,
      1.0,
      1.0,
      1.0,
      1.0,
      1.0,
      1.0,
      1.0
    ],
    [
      2.200000047683716,
      1.0,
      1.0,
      1.0,
      1.0,
      1.0,
      1.0,
      1.0
    ],
    [
      1.0,
      1.0,
      1.0,
      1.0,
      1.2000000476837158,
      1.0,
      1.0,
      1.0
    ],
    [
      2.200000047683716,
      1.0,
      1.0,
      1.0,
      1.0,
      1.0,
      1.0,
      1.0
    ]
  ],
  "self_check": {
    "devkit_validation": {
      "valid": true,
      "samples": 8,
      "input_name": "windows",
      "probability_output": "probabilities",
      "relevance_output": "relevance",
      "load_seconds": 0.009298600009060465,
      "inference_seconds": 0.0016230000037467107,
      "probability_sum_min": 0.9999998211860657,
      "probability_sum_max": 1.0,
      "relevance_min": 0.0013198633678257465,
      "relevance_max": 19.703895568847656
    },
    "prob_shape": [
      8,
      9
    ],
    "relevance_shape": [
      8,
      8,
      100
    ],
    "prob_row_sum_range": [
      0.9999998211860657,
      1.0
    ],
    "relevance_min": 0.0013198633678257465
  },
  "public_metrics": {
    "n": 6000,
    "macro_f1": 0.9889022559557579,
    "faith": 0.7450558383017778,
    "deletion_auc": 0.21742036268115045,
    "insertion_auc": 0.707532039284706,
    "simplicity": 0.9220046544939587,
    "operator_count": 41,
    "parameter_count": 40409,
    "eligible": true,
    "mechanical": null,
    "expected_band_mass": null
  },
  "proxy_metrics": {
    "audit_peaks": {
      "n": 6000,
      "macro_f1": 0.9889022559557579,
      "faith": 0.7450558383017778,
      "deletion_auc": 0.21742036268115045,
      "insertion_auc": 0.707532039284706,
      "simplicity": 0.9220046544939587,
      "operator_count": 41,
      "parameter_count": 40409,
      "eligible": true,
      "mechanical": 0.43077678273169084,
      "expected_band_mass": 0.24158335518271534
    },
    "audit_peaks_broad": {
      "n": 6000,
      "macro_f1": 0.9889022559557579,
      "faith": 0.7450558383017778,
      "deletion_auc": 0.21742036268115045,
      "insertion_auc": 0.707532039284706,
      "simplicity": 0.9220046544939587,
      "operator_count": 41,
      "parameter_count": 40409,
      "eligible": true,
      "mechanical": 0.44170778330770666,
      "expected_band_mass": 0.2561478807613302
    },
    "low_frequency": {
      "n": 6000,
      "macro_f1": 0.9889022559557579,
      "faith": 0.7450558383017778,
      "deletion_auc": 0.21742036268115045,
      "insertion_auc": 0.707532039284706,
      "simplicity": 0.9220046544939587,
      "operator_count": 41,
      "parameter_count": 40409,
      "eligible": true,
      "mechanical": 0.6177493972801334,
      "expected_band_mass": 0.49135878324975435
    },
    "high_mid": {
      "n": 6000,
      "macro_f1": 0.9889022559557579,
      "faith": 0.7450558383017778,
      "deletion_auc": 0.21742036268115045,
      "insertion_auc": 0.707532039284706,
      "simplicity": 0.9220046544939587,
      "operator_count": 41,
      "parameter_count": 40409,
      "eligible": true,
      "mechanical": 0.3406843775838709,
      "expected_band_mass": 0.12111687794567752
    }
  }
}