{
  "checkpoint": "runs\\exp029\\a3_base\\model.pt",
  "eval_n": 5000,
  "seed": 27027,
  "variants": {
    "occ_a1_eps0p2_exp023_T8": {
      "variant": {
        "name": "occ_a1_eps0p2_exp023_T8",
        "alpha": 1.0,
        "eps": 0.2,
        "static_gate": true,
        "temperature": 8.0
      },
      "onnx_path": "runs\\exp029\\a3_base\\wrapped\\occ_a1_eps0p2_exp023_T8\\model.onnx",
      "self_check": {
        "devkit_validation": {
          "valid": true,
          "samples": 8,
          "input_name": "windows",
          "probability_output": "probabilities",
          "relevance_output": "relevance",
          "load_seconds": 0.03350299999874551,
          "inference_seconds": 0.004352799995103851,
          "probability_sum_min": 1.0,
          "probability_sum_max": 1.0,
          "relevance_min": 4.7773599362699315e-05,
          "relevance_max": 10.057929992675781
        },
        "prob_shape": [
          8,
          9
        ],
        "relevance_shape": [
          8,
          8,
          100
        ],
        "prob_row_sum_range": [
          1.0,
          1.0
        ],
        "relevance_min": 4.7773599362699315e-05,
        "max_abs_prob_diff_vs_torch": 2.5920599000528455e-11,
        "max_abs_relevance_diff_vs_torch": 1.621246337890625e-05
      },
      "public_metrics": {
        "n": 5000,
        "macro_f1": 0.9574310636768293,
        "faith": 0.823521132580936,
        "deletion_auc": 0.13943996764719485,
        "insertion_auc": 0.7864822328090668,
        "simplicity": 0.9084745982680427,
        "operator_count": 57,
        "parameter_count": 40506,
        "eligible": true,
        "mechanical": null,
        "expected_band_mass": null,
        "deletion_curve": [
          0.993334949016571,
          0.2719554901123047,
          0.08209304511547089,
          0.04341502487659454,
          0.04019597917795181,
          0.03876766189932823,
          0.06084641069173813,
          0.0918506383895874,
          0.10798770934343338,
          0.10712020099163055,
          0.10700000077486038
        ],
        "insertion_curve": [
          0.10700000077486038,
          0.36062729358673096,
          0.5233210325241089,
          0.7289165258407593,
          0.8455256819725037,
          0.9436230659484863,
          0.9700179696083069,
          0.9740652441978455,
          0.9819802641868591,
          0.9865778088569641,
          0.993334949016571
        ]
      },
      "proxy_metrics": {}
    }
  }
}