{
  "description": "dynamic focused low-frequency gates: BWF 1.4, CWF 3, ORF 3.8, other channels 0.7",
  "implementation": "direct",
  "onnx_path": "runs\\mech_gate_exp022_focus_cont\\lowfreq_focus_b1p4_c3_o3p8_other0p7\\model.onnx",
  "parameters": 39689,
  "gates": [
    [
      1.0,
      1.0,
      1.0,
      1.0,
      1.0,
      1.0,
      1.0,
      1.0
    ],
    [
      1.0,
      1.0,
      1.0,
      1.0,
      1.0,
      1.0,
      1.0,
      1.0
    ],
    [
      1.0,
      1.0,
      1.0,
      1.0,
      1.0,
      1.0,
      1.0,
      1.0
    ],
    [
      1.0,
      1.0,
      1.0,
      1.0,
      1.0,
      1.0,
      1.0,
      1.0
    ],
    [
      1.0,
      1.0,
      1.0,
      1.0,
      1.0,
      1.0,
      1.0,
      1.0
    ],
    [
      1.399999976158142,
      0.699999988079071,
      0.699999988079071,
      0.699999988079071,
      0.699999988079071,
      0.699999988079071,
      0.699999988079071,
      0.699999988079071
    ],
    [
      3.0,
      0.699999988079071,
      0.699999988079071,
      0.699999988079071,
      0.699999988079071,
      0.699999988079071,
      0.699999988079071,
      0.699999988079071
    ],
    [
      1.0,
      1.0,
      1.0,
      1.0,
      1.0,
      1.0,
      1.0,
      1.0
    ],
    [
      3.799999952316284,
      0.699999988079071,
      0.699999988079071,
      0.699999988079071,
      0.699999988079071,
      0.699999988079071,
      0.699999988079071,
      0.699999988079071
    ]
  ],
  "self_check": {
    "devkit_validation": {
      "valid": true,
      "samples": 8,
      "input_name": "windows",
      "probability_output": "probabilities",
      "relevance_output": "relevance",
      "load_seconds": 0.023128999993787147,
      "inference_seconds": 0.0011270000104559585,
      "probability_sum_min": 0.9999998211860657,
      "probability_sum_max": 1.0,
      "relevance_min": 0.0013190426398068666,
      "relevance_max": 19.66200065612793
    },
    "prob_shape": [
      8,
      9
    ],
    "relevance_shape": [
      8,
      8,
      100
    ],
    "prob_row_sum_range": [
      0.9999998211860657,
      1.0
    ],
    "relevance_min": 0.0013190426398068666
  },
  "public_metrics": {
    "n": 5000,
    "macro_f1": 0.9891530016579669,
    "faith": 0.7514273647218942,
    "deletion_auc": 0.20635765716433524,
    "insertion_auc": 0.7092123866081237,
    "simplicity": 0.9220046544939587,
    "operator_count": 41,
    "parameter_count": 40409,
    "eligible": true,
    "mechanical": null,
    "expected_band_mass": null
  },
  "proxy_metrics": {
    "audit_peaks": {
      "n": 5000,
      "macro_f1": 0.9891530016579669,
      "faith": 0.7514273647218942,
      "deletion_auc": 0.20635765716433524,
      "insertion_auc": 0.7092123866081237,
      "simplicity": 0.9220046544939587,
      "operator_count": 41,
      "parameter_count": 40409,
      "eligible": true,
      "mechanical": 0.4375504556676146,
      "expected_band_mass": 0.250795553802227
    },
    "audit_peaks_broad": {
      "n": 5000,
      "macro_f1": 0.9891530016579669,
      "faith": 0.7514273647218942,
      "deletion_auc": 0.20635765716433524,
      "insertion_auc": 0.7092123866081237,
      "simplicity": 0.9220046544939587,
      "operator_count": 41,
      "parameter_count": 40409,
      "eligible": true,
      "mechanical": 0.4479547955074268,
      "expected_band_mass": 0.26465658421505334
    },
    "low_frequency": {
      "n": 5000,
      "macro_f1": 0.9891530016579669,
      "faith": 0.7514273647218942,
      "deletion_auc": 0.20635765716433524,
      "insertion_auc": 0.7092123866081237,
      "simplicity": 0.9220046544939587,
      "operator_count": 41,
      "parameter_count": 40409,
      "eligible": true,
      "mechanical": 0.6255929524872827,
      "expected_band_mass": 0.5020302640046711
    },
    "high_mid": {
      "n": 5000,
      "macro_f1": 0.9891530016579669,
      "faith": 0.7514273647218942,
      "deletion_auc": 0.20635765716433524,
      "insertion_auc": 0.7092123866081237,
      "simplicity": 0.9220046544939587,
      "operator_count": 41,
      "parameter_count": 40409,
      "eligible": true,
      "mechanical": 0.34023674335394827,
      "expected_band_mass": 0.12058552411620112
    }
  }
}