{
  "description": "dynamic focused low-frequency gates: BWF 1.2, CWF 3.4, ORF 4.2, other channels 0.8",
  "implementation": "direct",
  "onnx_path": "runs\\mech_gate_exp023_focus_local\\lowfreq_focus_b1p2_c3p4_o4p2_other0p8\\model.onnx",
  "parameters": 39689,
  "gates": [
    [
      1.0,
      1.0,
      1.0,
      1.0,
      1.0,
      1.0,
      1.0,
      1.0
    ],
    [
      1.0,
      1.0,
      1.0,
      1.0,
      1.0,
      1.0,
      1.0,
      1.0
    ],
    [
      1.0,
      1.0,
      1.0,
      1.0,
      1.0,
      1.0,
      1.0,
      1.0
    ],
    [
      1.0,
      1.0,
      1.0,
      1.0,
      1.0,
      1.0,
      1.0,
      1.0
    ],
    [
      1.0,
      1.0,
      1.0,
      1.0,
      1.0,
      1.0,
      1.0,
      1.0
    ],
    [
      1.2000000476837158,
      0.800000011920929,
      0.800000011920929,
      0.800000011920929,
      0.800000011920929,
      0.800000011920929,
      0.800000011920929,
      0.800000011920929
    ],
    [
      3.4000000953674316,
      0.800000011920929,
      0.800000011920929,
      0.800000011920929,
      0.800000011920929,
      0.800000011920929,
      0.800000011920929,
      0.800000011920929
    ],
    [
      1.0,
      1.0,
      1.0,
      1.0,
      1.0,
      1.0,
      1.0,
      1.0
    ],
    [
      4.199999809265137,
      0.800000011920929,
      0.800000011920929,
      0.800000011920929,
      0.800000011920929,
      0.800000011920929,
      0.800000011920929,
      0.800000011920929
    ]
  ],
  "self_check": {
    "devkit_validation": {
      "valid": true,
      "samples": 8,
      "input_name": "windows",
      "probability_output": "probabilities",
      "relevance_output": "relevance",
      "load_seconds": 0.006287500000325963,
      "inference_seconds": 0.0008086000016191974,
      "probability_sum_min": 0.9999998211860657,
      "probability_sum_max": 1.0,
      "relevance_min": 0.001319337636232376,
      "relevance_max": 19.666790008544922
    },
    "prob_shape": [
      8,
      9
    ],
    "relevance_shape": [
      8,
      8,
      100
    ],
    "prob_row_sum_range": [
      0.9999998211860657,
      1.0
    ],
    "relevance_min": 0.001319337636232376
  },
  "public_metrics": {
    "n": 5000,
    "macro_f1": 0.9892873087113174,
    "faith": 0.7539674773812294,
    "deletion_auc": 0.20423012971878052,
    "insertion_auc": 0.7121650844812393,
    "simplicity": 0.9220046544939587,
    "operator_count": 41,
    "parameter_count": 40409,
    "eligible": true,
    "mechanical": null,
    "expected_band_mass": null
  },
  "proxy_metrics": {
    "audit_peaks": {
      "n": 5000,
      "macro_f1": 0.9892873087113174,
      "faith": 0.7539674773812294,
      "deletion_auc": 0.20423012971878052,
      "insertion_auc": 0.7121650844812393,
      "simplicity": 0.9220046544939587,
      "operator_count": 41,
      "parameter_count": 40409,
      "eligible": true,
      "mechanical": 0.4402679125817006,
      "expected_band_mass": 0.25441258516681553
    },
    "audit_peaks_broad": {
      "n": 5000,
      "macro_f1": 0.9892873087113174,
      "faith": 0.7539674773812294,
      "deletion_auc": 0.20423012971878052,
      "insertion_auc": 0.7121650844812393,
      "simplicity": 0.9220046544939587,
      "operator_count": 41,
      "parameter_count": 40409,
      "eligible": true,
      "mechanical": 0.45066497453590915,
      "expected_band_mass": 0.2682635692177487
    },
    "low_frequency": {
      "n": 5000,
      "macro_f1": 0.9892873087113174,
      "faith": 0.7539674773812294,
      "deletion_auc": 0.20423012971878052,
      "insertion_auc": 0.7121650844812393,
      "simplicity": 0.9220046544939587,
      "operator_count": 41,
      "parameter_count": 40409,
      "eligible": true,
      "mechanical": 0.6290482978867673,
      "expected_band_mass": 0.5066275675269
    },
    "high_mid": {
      "n": 5000,
      "macro_f1": 0.9892873087113174,
      "faith": 0.7539674773812294,
      "deletion_auc": 0.20423012971878052,
      "insertion_auc": 0.7121650844812393,
      "simplicity": 0.9220046544939587,
      "operator_count": 41,
      "parameter_count": 40409,
      "eligible": true,
      "mechanical": 0.3437770082887705,
      "expected_band_mass": 0.12532442848839936
    }
  }
}