{
  "checkpoint": "runs\\final2\\model.pt",
  "eval_n": 40,
  "seed": 14014,
  "presets": {
    "lowfreq_asym_b1p4_c2p2_o3": {
      "description": "dynamic asymmetric motor gates: BWF 1.4, CWF 2.2, ORF 3",
      "implementation": "direct",
      "onnx_path": "runs\\mech_gate_dynamic_smoke\\lowfreq_asym_b1p4_c2p2_o3\\model.onnx",
      "parameters": 39689,
      "gates": [
        [
          1.0,
          1.0,
          1.0,
          1.0,
          1.0,
          1.0,
          1.0,
          1.0
        ],
        [
          1.0,
          1.0,
          1.0,
          1.0,
          1.0,
          1.0,
          1.0,
          1.0
        ],
        [
          1.0,
          1.0,
          1.0,
          1.0,
          1.0,
          1.0,
          1.0,
          1.0
        ],
        [
          1.0,
          1.0,
          1.0,
          1.0,
          1.0,
          1.0,
          1.0,
          1.0
        ],
        [
          1.0,
          1.0,
          1.0,
          1.0,
          1.0,
          1.0,
          1.0,
          1.0
        ],
        [
          1.399999976158142,
          1.0,
          1.0,
          1.0,
          1.0,
          1.0,
          1.0,
          1.0
        ],
        [
          2.200000047683716,
          1.0,
          1.0,
          1.0,
          1.0,
          1.0,
          1.0,
          1.0
        ],
        [
          1.0,
          1.0,
          1.0,
          1.0,
          1.0,
          1.0,
          1.0,
          1.0
        ],
        [
          3.0,
          1.0,
          1.0,
          1.0,
          1.0,
          1.0,
          1.0,
          1.0
        ]
      ],
      "self_check": {
        "devkit_validation": {
          "valid": true,
          "samples": 8,
          "input_name": "windows",
          "probability_output": "probabilities",
          "relevance_output": "relevance",
          "load_seconds": 0.01844500000879634,
          "inference_seconds": 0.0010407999943709,
          "probability_sum_min": 0.9999998211860657,
          "probability_sum_max": 1.0,
          "relevance_min": 0.0013198633678257465,
          "relevance_max": 19.675323486328125
        },
        "prob_shape": [
          8,
          9
        ],
        "relevance_shape": [
          8,
          8,
          100
        ],
        "prob_row_sum_range": [
          0.9999998211860657,
          1.0
        ],
        "relevance_min": 0.0013198633678257465
      },
      "public_metrics": {
        "n": 40,
        "macro_f1": 1.0,
        "faith": 0.7529099002480507,
        "deletion_auc": 0.21176408231258392,
        "insertion_auc": 0.7175838828086853,
        "simplicity": 0.9220046544939587,
        "operator_count": 41,
        "parameter_count": 40409,
        "eligible": true,
        "mechanical": null,
        "expected_band_mass": null
      },
      "proxy_metrics": {
        "audit_peaks": {
          "n": 40,
          "macro_f1": 1.0,
          "faith": 0.7529099002480507,
          "deletion_auc": 0.21176408231258392,
          "insertion_auc": 0.7175838828086853,
          "simplicity": 0.9220046544939587,
          "operator_count": 41,
          "parameter_count": 40409,
          "eligible": true,
          "mechanical": 0.4452002629947736,
          "expected_band_mass": 0.26096555563919227
        },
        "audit_peaks_broad": {
          "n": 40,
          "macro_f1": 1.0,
          "faith": 0.7529099002480507,
          "deletion_auc": 0.21176408231258392,
          "insertion_auc": 0.7175838828086853,
          "simplicity": 0.9220046544939587,
          "operator_count": 41,
          "parameter_count": 40409,
          "eligible": true,
          "mechanical": 0.4566956797588791,
          "expected_band_mass": 0.276279992194575
        },
        "low_frequency": {
          "n": 40,
          "macro_f1": 1.0,
          "faith": 0.7529099002480507,
          "deletion_auc": 0.21176408231258392,
          "insertion_auc": 0.7175838828086853,
          "simplicity": 0.9220046544939587,
          "operator_count": 41,
          "parameter_count": 40409,
          "eligible": true,
          "mechanical": 0.6483584849688757,
          "expected_band_mass": 0.5323326962740561
        },
        "high_mid": {
          "n": 40,
          "macro_f1": 1.0,
          "faith": 0.7529099002480507,
          "deletion_auc": 0.21176408231258392,
          "insertion_auc": 0.7175838828086853,
          "simplicity": 0.9220046544939587,
          "operator_count": 41,
          "parameter_count": 40409,
          "eligible": true,
          "mechanical": 0.37347898264436086,
          "expected_band_mass": 0.16495756508658438
        }
      }
    }
  }
}