{
  "description": "only BWF receives the strong motor gate",
  "implementation": "direct",
  "onnx_path": "runs\\mech_gate_exp018_ablation\\bwf_motor_2p2\\model.onnx",
  "parameters": 39689,
  "gates": [
    [
      1.0,
      1.0,
      1.0,
      1.0,
      1.0,
      1.0,
      1.0,
      1.0
    ],
    [
      1.0,
      1.0,
      1.0,
      1.0,
      1.0,
      1.0,
      1.0,
      1.0
    ],
    [
      1.0,
      1.0,
      1.0,
      1.0,
      1.0,
      1.0,
      1.0,
      1.0
    ],
    [
      1.0,
      1.0,
      1.0,
      1.0,
      1.0,
      1.0,
      1.0,
      1.0
    ],
    [
      1.0,
      1.0,
      1.0,
      1.0,
      1.0,
      1.0,
      1.0,
      1.0
    ],
    [
      2.200000047683716,
      1.0,
      1.0,
      1.0,
      1.0,
      1.0,
      1.0,
      1.0
    ],
    [
      1.0,
      1.0,
      1.0,
      1.0,
      1.0,
      1.0,
      1.0,
      1.0
    ],
    [
      1.0,
      1.0,
      1.0,
      1.0,
      1.0,
      1.0,
      1.0,
      1.0
    ],
    [
      1.0,
      1.0,
      1.0,
      1.0,
      1.0,
      1.0,
      1.0,
      1.0
    ]
  ],
  "self_check": {
    "devkit_validation": {
      "valid": true,
      "samples": 8,
      "input_name": "windows",
      "probability_output": "probabilities",
      "relevance_output": "relevance",
      "load_seconds": 0.0057548999902792275,
      "inference_seconds": 0.0007719999994151294,
      "probability_sum_min": 0.9999998211860657,
      "probability_sum_max": 1.0,
      "relevance_min": 0.0013198633678257465,
      "relevance_max": 19.675323486328125
    },
    "prob_shape": [
      8,
      9
    ],
    "relevance_shape": [
      8,
      8,
      100
    ],
    "prob_row_sum_range": [
      0.9999998211860657,
      1.0
    ],
    "relevance_min": 0.0013198633678257465
  },
  "public_metrics": {
    "n": 6000,
    "macro_f1": 0.9907498977651871,
    "faith": 0.7343368124216795,
    "deletion_auc": 0.2364707298576832,
    "insertion_auc": 0.7051443547010421,
    "simplicity": 0.9220046544939587,
    "operator_count": 41,
    "parameter_count": 40409,
    "eligible": true,
    "mechanical": null,
    "expected_band_mass": null
  },
  "proxy_metrics": {
    "audit_peaks": {
      "n": 6000,
      "macro_f1": 0.9907498977651871,
      "faith": 0.7343368124216795,
      "deletion_auc": 0.2364707298576832,
      "insertion_auc": 0.7051443547010421,
      "simplicity": 0.9220046544939587,
      "operator_count": 41,
      "parameter_count": 40409,
      "eligible": true,
      "mechanical": 0.4196072362806421,
      "expected_band_mass": 0.2265332811458643
    },
    "audit_peaks_broad": {
      "n": 6000,
      "macro_f1": 0.9907498977651871,
      "faith": 0.7343368124216795,
      "deletion_auc": 0.2364707298576832,
      "insertion_auc": 0.7051443547010421,
      "simplicity": 0.9220046544939587,
      "operator_count": 41,
      "parameter_count": 40409,
      "eligible": true,
      "mechanical": 0.4307687495119966,
      "expected_band_mass": 0.2414051143219971
    },
    "low_frequency": {
      "n": 6000,
      "macro_f1": 0.9907498977651871,
      "faith": 0.7343368124216795,
      "deletion_auc": 0.2364707298576832,
      "insertion_auc": 0.7051443547010421,
      "simplicity": 0.9220046544939587,
      "operator_count": 41,
      "parameter_count": 40409,
      "eligible": true,
      "mechanical": 0.6102786428222744,
      "expected_band_mass": 0.48125027773294254
    },
    "high_mid": {
      "n": 6000,
      "macro_f1": 0.9907498977651871,
      "faith": 0.7343368124216795,
      "deletion_auc": 0.2364707298576832,
      "insertion_auc": 0.7051443547010421,
      "simplicity": 0.9220046544939587,
      "operator_count": 41,
      "parameter_count": 40409,
      "eligible": true,
      "mechanical": 0.3316790618461388,
      "expected_band_mass": 0.10901456121734455
    }
  }
}