{
  "description": "stronger low-frequency motor bias with moderate torque elsewhere",
  "implementation": "direct",
  "onnx_path": "runs\\mech_gate_exp017_scale_hi\\lowfreq_motor_2p2\\model.onnx",
  "parameters": 39689,
  "gates": [
    [
      1.0,
      1.0,
      1.0,
      1.0,
      1.0,
      1.0,
      1.0,
      1.0
    ],
    [
      1.0,
      1.0,
      1.0,
      1.0,
      1.2000000476837158,
      1.0,
      1.0,
      1.0
    ],
    [
      1.0,
      1.0,
      1.0,
      1.0,
      1.2000000476837158,
      1.0,
      1.0,
      1.0
    ],
    [
      1.0,
      1.0,
      1.0,
      1.0,
      1.2000000476837158,
      1.0,
      1.0,
      1.0
    ],
    [
      1.0,
      1.0,
      1.0,
      1.0,
      1.2000000476837158,
      1.0,
      1.0,
      1.0
    ],
    [
      2.200000047683716,
      1.0,
      1.0,
      1.0,
      1.0,
      1.0,
      1.0,
      1.0
    ],
    [
      2.200000047683716,
      1.0,
      1.0,
      1.0,
      1.0,
      1.0,
      1.0,
      1.0
    ],
    [
      1.0,
      1.0,
      1.0,
      1.0,
      1.2000000476837158,
      1.0,
      1.0,
      1.0
    ],
    [
      2.200000047683716,
      1.0,
      1.0,
      1.0,
      1.0,
      1.0,
      1.0,
      1.0
    ]
  ],
  "self_check": {
    "devkit_validation": {
      "valid": true,
      "samples": 8,
      "input_name": "windows",
      "probability_output": "probabilities",
      "relevance_output": "relevance",
      "load_seconds": 0.005947600002400577,
      "inference_seconds": 0.0010956000041915104,
      "probability_sum_min": 0.9999998211860657,
      "probability_sum_max": 1.0,
      "relevance_min": 0.0013198633678257465,
      "relevance_max": 19.703895568847656
    },
    "prob_shape": [
      8,
      9
    ],
    "relevance_shape": [
      8,
      8,
      100
    ],
    "prob_row_sum_range": [
      0.9999998211860657,
      1.0
    ],
    "relevance_min": 0.0013198633678257465
  },
  "public_metrics": {
    "n": 5000,
    "macro_f1": 0.9887313535248102,
    "faith": 0.7481973625719547,
    "deletion_auc": 0.21296104192733767,
    "insertion_auc": 0.7093557670712471,
    "simplicity": 0.9220046544939587,
    "operator_count": 41,
    "parameter_count": 40409,
    "eligible": true,
    "mechanical": null,
    "expected_band_mass": null
  },
  "proxy_metrics": {
    "audit_peaks": {
      "n": 5000,
      "macro_f1": 0.9887313535248102,
      "faith": 0.7481973625719547,
      "deletion_auc": 0.21296104192733767,
      "insertion_auc": 0.7093557670712471,
      "simplicity": 0.9220046544939587,
      "operator_count": 41,
      "parameter_count": 40409,
      "eligible": true,
      "mechanical": 0.4346619456600201,
      "expected_band_mass": 0.24678794251521313
    },
    "audit_peaks_broad": {
      "n": 5000,
      "macro_f1": 0.9887313535248102,
      "faith": 0.7481973625719547,
      "deletion_auc": 0.21296104192733767,
      "insertion_auc": 0.7093557670712471,
      "simplicity": 0.9220046544939587,
      "operator_count": 41,
      "parameter_count": 40409,
      "eligible": true,
      "mechanical": 0.44539509803779387,
      "expected_band_mass": 0.26108760052688623
    },
    "low_frequency": {
      "n": 5000,
      "macro_f1": 0.9887313535248102,
      "faith": 0.7481973625719547,
      "deletion_auc": 0.21296104192733767,
      "insertion_auc": 0.7093557670712471,
      "simplicity": 0.9220046544939587,
      "operator_count": 41,
      "parameter_count": 40409,
      "eligible": true,
      "mechanical": 0.6203700184696511,
      "expected_band_mass": 0.4948797478518425
    },
    "high_mid": {
      "n": 5000,
      "macro_f1": 0.9887313535248102,
      "faith": 0.7481973625719547,
      "deletion_auc": 0.21296104192733767,
      "insertion_auc": 0.7093557670712471,
      "simplicity": 0.9220046544939587,
      "operator_count": 41,
      "parameter_count": 40409,
      "eligible": true,
      "mechanical": 0.3427748351618547,
      "expected_band_mass": 0.12391495264570473
    }
  }
}