{
  "checkpoint": "runs\\final2\\model.pt",
  "eval_n": 5000,
  "seed": 16016,
  "presets": {
    "identity": {
      "description": "base final2 relevance, exported through wrapper",
      "implementation": "direct",
      "onnx_path": "runs\\mech_gate_exp017_scale_hi\\identity\\model.onnx",
      "parameters": 39689,
      "gates": [
        [
          1.0,
          1.0,
          1.0,
          1.0,
          1.0,
          1.0,
          1.0,
          1.0
        ],
        [
          1.0,
          1.0,
          1.0,
          1.0,
          1.0,
          1.0,
          1.0,
          1.0
        ],
        [
          1.0,
          1.0,
          1.0,
          1.0,
          1.0,
          1.0,
          1.0,
          1.0
        ],
        [
          1.0,
          1.0,
          1.0,
          1.0,
          1.0,
          1.0,
          1.0,
          1.0
        ],
        [
          1.0,
          1.0,
          1.0,
          1.0,
          1.0,
          1.0,
          1.0,
          1.0
        ],
        [
          1.0,
          1.0,
          1.0,
          1.0,
          1.0,
          1.0,
          1.0,
          1.0
        ],
        [
          1.0,
          1.0,
          1.0,
          1.0,
          1.0,
          1.0,
          1.0,
          1.0
        ],
        [
          1.0,
          1.0,
          1.0,
          1.0,
          1.0,
          1.0,
          1.0,
          1.0
        ],
        [
          1.0,
          1.0,
          1.0,
          1.0,
          1.0,
          1.0,
          1.0,
          1.0
        ]
      ],
      "self_check": {
        "devkit_validation": {
          "valid": true,
          "samples": 8,
          "input_name": "windows",
          "probability_output": "probabilities",
          "relevance_output": "relevance",
          "load_seconds": 0.02199960000871215,
          "inference_seconds": 0.0011052999907406047,
          "probability_sum_min": 0.9999998211860657,
          "probability_sum_max": 1.0,
          "relevance_min": 0.0013198633678257465,
          "relevance_max": 19.675323486328125
        },
        "prob_shape": [
          8,
          9
        ],
        "relevance_shape": [
          8,
          8,
          100
        ],
        "prob_row_sum_range": [
          0.9999998211860657,
          1.0
        ],
        "relevance_min": 0.0013198633678257465
      },
      "public_metrics": {
        "n": 5000,
        "macro_f1": 0.9887313535248102,
        "faith": 0.7326951831579208,
        "deletion_auc": 0.24112246781587598,
        "insertion_auc": 0.7065128341317176,
        "simplicity": 0.9220046544939587,
        "operator_count": 41,
        "parameter_count": 40409,
        "eligible": true,
        "mechanical": null,
        "expected_band_mass": null
      },
      "proxy_metrics": {
        "audit_peaks": {
          "n": 5000,
          "macro_f1": 0.9887313535248102,
          "faith": 0.7326951831579208,
          "deletion_auc": 0.24112246781587598,
          "insertion_auc": 0.7065128341317176,
          "simplicity": 0.9220046544939587,
          "operator_count": 41,
          "parameter_count": 40409,
          "eligible": true,
          "mechanical": 0.42195275117295883,
          "expected_band_mass": 0.22961655004140133
        },
        "audit_peaks_broad": {
          "n": 5000,
          "macro_f1": 0.9887313535248102,
          "faith": 0.7326951831579208,
          "deletion_auc": 0.24112246781587598,
          "insertion_auc": 0.7065128341317176,
          "simplicity": 0.9220046544939587,
          "operator_count": 41,
          "parameter_count": 40409,
          "eligible": true,
          "mechanical": 0.43314554872397926,
          "expected_band_mass": 0.24452903082817165
        },
        "low_frequency": {
          "n": 5000,
          "macro_f1": 0.9887313535248102,
          "faith": 0.7326951831579208,
          "deletion_auc": 0.24112246781587598,
          "insertion_auc": 0.7065128341317176,
          "simplicity": 0.9220046544939587,
          "operator_count": 41,
          "parameter_count": 40409,
          "eligible": true,
          "mechanical": 0.6089780058413838,
          "expected_band_mass": 0.47946640902489135
        },
        "high_mid": {
          "n": 5000,
          "macro_f1": 0.9887313535248102,
          "faith": 0.7326951831579208,
          "deletion_auc": 0.24112246781587598,
          "insertion_auc": 0.7065128341317176,
          "simplicity": 0.9220046544939587,
          "operator_count": 41,
          "parameter_count": 40409,
          "eligible": true,
          "mechanical": 0.33899537957273407,
          "expected_band_mass": 0.1187991500577771
        }
      }
    },
    "lowfreq_motor_2p2": {
      "description": "stronger low-frequency motor bias with moderate torque elsewhere",
      "implementation": "direct",
      "onnx_path": "runs\\mech_gate_exp017_scale_hi\\lowfreq_motor_2p2\\model.onnx",
      "parameters": 39689,
      "gates": [
        [
          1.0,
          1.0,
          1.0,
          1.0,
          1.0,
          1.0,
          1.0,
          1.0
        ],
        [
          1.0,
          1.0,
          1.0,
          1.0,
          1.2000000476837158,
          1.0,
          1.0,
          1.0
        ],
        [
          1.0,
          1.0,
          1.0,
          1.0,
          1.2000000476837158,
          1.0,
          1.0,
          1.0
        ],
        [
          1.0,
          1.0,
          1.0,
          1.0,
          1.2000000476837158,
          1.0,
          1.0,
          1.0
        ],
        [
          1.0,
          1.0,
          1.0,
          1.0,
          1.2000000476837158,
          1.0,
          1.0,
          1.0
        ],
        [
          2.200000047683716,
          1.0,
          1.0,
          1.0,
          1.0,
          1.0,
          1.0,
          1.0
        ],
        [
          2.200000047683716,
          1.0,
          1.0,
          1.0,
          1.0,
          1.0,
          1.0,
          1.0
        ],
        [
          1.0,
          1.0,
          1.0,
          1.0,
          1.2000000476837158,
          1.0,
          1.0,
          1.0
        ],
        [
          2.200000047683716,
          1.0,
          1.0,
          1.0,
          1.0,
          1.0,
          1.0,
          1.0
        ]
      ],
      "self_check": {
        "devkit_validation": {
          "valid": true,
          "samples": 8,
          "input_name": "windows",
          "probability_output": "probabilities",
          "relevance_output": "relevance",
          "load_seconds": 0.005947600002400577,
          "inference_seconds": 0.0010956000041915104,
          "probability_sum_min": 0.9999998211860657,
          "probability_sum_max": 1.0,
          "relevance_min": 0.0013198633678257465,
          "relevance_max": 19.703895568847656
        },
        "prob_shape": [
          8,
          9
        ],
        "relevance_shape": [
          8,
          8,
          100
        ],
        "prob_row_sum_range": [
          0.9999998211860657,
          1.0
        ],
        "relevance_min": 0.0013198633678257465
      },
      "public_metrics": {
        "n": 5000,
        "macro_f1": 0.9887313535248102,
        "faith": 0.7481973625719547,
        "deletion_auc": 0.21296104192733767,
        "insertion_auc": 0.7093557670712471,
        "simplicity": 0.9220046544939587,
        "operator_count": 41,
        "parameter_count": 40409,
        "eligible": true,
        "mechanical": null,
        "expected_band_mass": null
      },
      "proxy_metrics": {
        "audit_peaks": {
          "n": 5000,
          "macro_f1": 0.9887313535248102,
          "faith": 0.7481973625719547,
          "deletion_auc": 0.21296104192733767,
          "insertion_auc": 0.7093557670712471,
          "simplicity": 0.9220046544939587,
          "operator_count": 41,
          "parameter_count": 40409,