{
  "description": "CWF and ORF receive the strong motor gate; BWF stays unchanged",
  "implementation": "direct",
  "onnx_path": "runs\\mech_gate_exp019_asym\\cwf_orf_motor_2p2\\model.onnx",
  "parameters": 39689,
  "gates": [
    [
      1.0,
      1.0,
      1.0,
      1.0,
      1.0,
      1.0,
      1.0,
      1.0
    ],
    [
      1.0,
      1.0,
      1.0,
      1.0,
      1.0,
      1.0,
      1.0,
      1.0
    ],
    [
      1.0,
      1.0,
      1.0,
      1.0,
      1.0,
      1.0,
      1.0,
      1.0
    ],
    [
      1.0,
      1.0,
      1.0,
      1.0,
      1.0,
      1.0,
      1.0,
      1.0
    ],
    [
      1.0,
      1.0,
      1.0,
      1.0,
      1.0,
      1.0,
      1.0,
      1.0
    ],
    [
      1.0,
      1.0,
      1.0,
      1.0,
      1.0,
      1.0,
      1.0,
      1.0
    ],
    [
      2.200000047683716,
      1.0,
      1.0,
      1.0,
      1.0,
      1.0,
      1.0,
      1.0
    ],
    [
      1.0,
      1.0,
      1.0,
      1.0,
      1.0,
      1.0,
      1.0,
      1.0
    ],
    [
      2.200000047683716,
      1.0,
      1.0,
      1.0,
      1.0,
      1.0,
      1.0,
      1.0
    ]
  ],
  "self_check": {
    "devkit_validation": {
      "valid": true,
      "samples": 8,
      "input_name": "windows",
      "probability_output": "probabilities",
      "relevance_output": "relevance",
      "load_seconds": 0.005524499996681698,
      "inference_seconds": 0.0007397000008495525,
      "probability_sum_min": 0.9999998211860657,
      "probability_sum_max": 1.0,
      "relevance_min": 0.0013198633678257465,
      "relevance_max": 19.675323486328125
    },
    "prob_shape": [
      8,
      9
    ],
    "relevance_shape": [
      8,
      8,
      100
    ],
    "prob_row_sum_range": [
      0.9999998211860657,
      1.0
    ],
    "relevance_min": 0.0013198633678257465
  },
  "public_metrics": {
    "n": 6000,
    "macro_f1": 0.9895825696933296,
    "faith": 0.7495901741087436,
    "deletion_auc": 0.2158136710524559,
    "insertion_auc": 0.7149940192699432,
    "simplicity": 0.9220046544939587,
    "operator_count": 41,
    "parameter_count": 40409,
    "eligible": true,
    "mechanical": null,
    "expected_band_mass": null
  },
  "proxy_metrics": {
    "audit_peaks": {
      "n": 6000,
      "macro_f1": 0.9895825696933296,
      "faith": 0.7495901741087436,
      "deletion_auc": 0.2158136710524559,
      "insertion_auc": 0.7149940192699432,
      "simplicity": 0.9220046544939587,
      "operator_count": 41,
      "parameter_count": 40409,
      "eligible": true,
      "mechanical": 0.42488710356630327,
      "expected_band_mass": 0.23365054617628775
    },
    "audit_peaks_broad": {
      "n": 6000,
      "macro_f1": 0.9895825696933296,
      "faith": 0.7495901741087436,
      "deletion_auc": 0.2158136710524559,
      "insertion_auc": 0.7149940192699432,
      "simplicity": 0.9220046544939587,
      "operator_count": 41,
      "parameter_count": 40409,
      "eligible": true,
      "mechanical": 0.43588771702540885,
      "expected_band_mass": 0.2483060489820507
    },
    "low_frequency": {
      "n": 6000,
      "macro_f1": 0.9895825696933296,
      "faith": 0.7495901741087436,
      "deletion_auc": 0.2158136710524559,
      "insertion_auc": 0.7149940192699432,
      "simplicity": 0.9220046544939587,
      "operator_count": 41,
      "parameter_count": 40409,
      "eligible": true,
      "mechanical": 0.6169850075495753,
      "expected_band_mass": 0.4902838875076275
    },
    "high_mid": {
      "n": 6000,
      "macro_f1": 0.9895825696933296,
      "faith": 0.7495901741087436,
      "deletion_auc": 0.2158136710524559,
      "insertion_auc": 0.7149940192699432,
      "simplicity": 0.9220046544939587,
      "operator_count": 41,
      "parameter_count": 40409,
      "eligible": true,
      "mechanical": 0.33616226265810567,
      "expected_band_mass": 0.11507442139808263
    }
  }
}