{
  "description": "only BWF/CWF/ORF receive the strong motor gate",
  "implementation": "direct",
  "onnx_path": "runs\\mech_gate_exp018_ablation\\lowfreq_motor_only_2p2\\model.onnx",
  "parameters": 39689,
  "gates": [
    [
      1.0,
      1.0,
      1.0,
      1.0,
      1.0,
      1.0,
      1.0,
      1.0
    ],
    [
      1.0,
      1.0,
      1.0,
      1.0,
      1.0,
      1.0,
      1.0,
      1.0
    ],
    [
      1.0,
      1.0,
      1.0,
      1.0,
      1.0,
      1.0,
      1.0,
      1.0
    ],
    [
      1.0,
      1.0,
      1.0,
      1.0,
      1.0,
      1.0,
      1.0,
      1.0
    ],
    [
      1.0,
      1.0,
      1.0,
      1.0,
      1.0,
      1.0,
      1.0,
      1.0
    ],
    [
      2.200000047683716,
      1.0,
      1.0,
      1.0,
      1.0,
      1.0,
      1.0,
      1.0
    ],
    [
      2.200000047683716,
      1.0,
      1.0,
      1.0,
      1.0,
      1.0,
      1.0,
      1.0
    ],
    [
      1.0,
      1.0,
      1.0,
      1.0,
      1.0,
      1.0,
      1.0,
      1.0
    ],
    [
      2.200000047683716,
      1.0,
      1.0,
      1.0,
      1.0,
      1.0,
      1.0,
      1.0
    ]
  ],
  "self_check": {
    "devkit_validation": {
      "valid": true,
      "samples": 8,
      "input_name": "windows",
      "probability_output": "probabilities",
      "relevance_output": "relevance",
      "load_seconds": 0.00576119999459479,
      "inference_seconds": 0.0007252999930642545,
      "probability_sum_min": 0.9999998211860657,
      "probability_sum_max": 1.0,
      "relevance_min": 0.0013198633678257465,
      "relevance_max": 19.675323486328125
    },
    "prob_shape": [
      8,
      9
    ],
    "relevance_shape": [
      8,
      8,
      100
    ],
    "prob_row_sum_range": [
      0.9999998211860657,
      1.0
    ],
    "relevance_min": 0.0013198633678257465
  },
  "public_metrics": {
    "n": 6000,
    "macro_f1": 0.9907498977651871,
    "faith": 0.7494641128927468,
    "deletion_auc": 0.21230168268084526,
    "insertion_auc": 0.711229908466339,
    "simplicity": 0.9220046544939587,
    "operator_count": 41,
    "parameter_count": 40409,
    "eligible": true,
    "mechanical": null,
    "expected_band_mass": null
  },
  "proxy_metrics": {
    "audit_peaks": {
      "n": 6000,
      "macro_f1": 0.9907498977651871,
      "faith": 0.7494641128927468,
      "deletion_auc": 0.21230168268084526,
      "insertion_auc": 0.711229908466339,
      "simplicity": 0.9220046544939587,
      "operator_count": 41,
      "parameter_count": 40409,
      "eligible": true,
      "mechanical": 0.4284234867339364,
      "expected_band_mass": 0.238435835242136
    },
    "audit_peaks_broad": {
      "n": 6000,
      "macro_f1": 0.9907498977651871,
      "faith": 0.7494641128927468,
      "deletion_auc": 0.21230168268084526,
      "insertion_auc": 0.711229908466339,
      "simplicity": 0.9220046544939587,
      "operator_count": 41,
      "parameter_count": 40409,
      "eligible": true,
      "mechanical": 0.4392335368628797,
      "expected_band_mass": 0.2528383339832071
    },
    "low_frequency": {
      "n": 6000,
      "macro_f1": 0.9907498977651871,
      "faith": 0.7494641128927468,
      "deletion_auc": 0.21230168268084526,
      "insertion_auc": 0.711229908466339,
      "simplicity": 0.9220046544939587,
      "operator_count": 41,
      "parameter_count": 40409,
      "eligible": true,
      "mechanical": 0.6194060957056813,
      "expected_band_mass": 0.4935770267739608
    },
    "high_mid": {
      "n": 6000,
      "macro_f1": 0.9907498977651871,
      "faith": 0.7494641128927468,
      "deletion_auc": 0.21230168268084526,
      "insertion_auc": 0.711229908466339,
      "simplicity": 0.9220046544939587,
      "operator_count": 41,
      "parameter_count": 40409,
      "eligible": true,
      "mechanical": 0.33513891599087997,
      "expected_band_mass": 0.1136986251610328
    }
  }
}