{
  "description": "dynamic asymmetric motor gates: BWF 1.4, CWF 2.6, ORF 3",
  "implementation": "direct",
  "onnx_path": "runs\\mech_gate_exp020_grid\\lowfreq_asym_b1p4_c2p6_o3\\model.onnx",
  "parameters": 39689,
  "gates": [
    [
      1.0,
      1.0,
      1.0,
      1.0,
      1.0,
      1.0,
      1.0,
      1.0
    ],
    [
      1.0,
      1.0,
      1.0,
      1.0,
      1.0,
      1.0,
      1.0,
      1.0
    ],
    [
      1.0,
      1.0,
      1.0,
      1.0,
      1.0,
      1.0,
      1.0,
      1.0
    ],
    [
      1.0,
      1.0,
      1.0,
      1.0,
      1.0,
      1.0,
      1.0,
      1.0
    ],
    [
      1.0,
      1.0,
      1.0,
      1.0,
      1.0,
      1.0,
      1.0,
      1.0
    ],
    [
      1.399999976158142,
      1.0,
      1.0,
      1.0,
      1.0,
      1.0,
      1.0,
      1.0
    ],
    [
      2.5999999046325684,
      1.0,
      1.0,
      1.0,
      1.0,
      1.0,
      1.0,
      1.0
    ],
    [
      1.0,
      1.0,
      1.0,
      1.0,
      1.0,
      1.0,
      1.0,
      1.0
    ],
    [
      3.0,
      1.0,
      1.0,
      1.0,
      1.0,
      1.0,
      1.0,
      1.0
    ]
  ],
  "self_check": {
    "devkit_validation": {
      "valid": true,
      "samples": 8,
      "input_name": "windows",
      "probability_output": "probabilities",
      "relevance_output": "relevance",
      "load_seconds": 0.005787999994936399,
      "inference_seconds": 0.0007270000060088933,
      "probability_sum_min": 0.9999998211860657,
      "probability_sum_max": 1.0,
      "relevance_min": 0.0013198633678257465,
      "relevance_max": 19.675323486328125
    },
    "prob_shape": [
      8,
      9
    ],
    "relevance_shape": [
      8,
      8,
      100
    ],
    "prob_row_sum_range": [
      0.9999998211860657,
      1.0
    ],
    "relevance_min": 0.0013198633678257465
  },
  "public_metrics": {
    "n": 5000,
    "macro_f1": 0.9866912321255268,
    "faith": 0.7502001825720073,
    "deletion_auc": 0.21229186728596688,
    "insertion_auc": 0.7126922324299813,
    "simplicity": 0.9220046544939587,
    "operator_count": 41,
    "parameter_count": 40409,
    "eligible": true,
    "mechanical": null,
    "expected_band_mass": null
  },
  "proxy_metrics": {
    "audit_peaks": {
      "n": 5000,
      "macro_f1": 0.9866912321255268,
      "faith": 0.7502001825720073,
      "deletion_auc": 0.21229186728596688,
      "insertion_auc": 0.7126922324299813,
      "simplicity": 0.9220046544939587,
      "operator_count": 41,
      "parameter_count": 40409,
      "eligible": true,
      "mechanical": 0.4303969280618425,
      "expected_band_mass": 0.24108905808496076
    },
    "audit_peaks_broad": {
      "n": 5000,
      "macro_f1": 0.9866912321255268,
      "faith": 0.7502001825720073,
      "deletion_auc": 0.21229186728596688,
      "insertion_auc": 0.7126922324299813,
      "simplicity": 0.9220046544939587,
      "operator_count": 41,
      "parameter_count": 40409,
      "eligible": true,
      "mechanical": 0.44118451257450186,
      "expected_band_mass": 0.2554604855672367
    },
    "low_frequency": {
      "n": 5000,
      "macro_f1": 0.9866912321255268,
      "faith": 0.7502001825720073,
      "deletion_auc": 0.21229186728596688,
      "insertion_auc": 0.7126922324299813,
      "simplicity": 0.9220046544939587,
      "operator_count": 41,
      "parameter_count": 40409,
      "eligible": true,
      "mechanical": 0.6179860413685548,
      "expected_band_mass": 0.49170415411192514
    },
    "high_mid": {
      "n": 5000,
      "macro_f1": 0.9866912321255268,
      "faith": 0.7502001825720073,
      "deletion_auc": 0.21229186728596688,
      "insertion_auc": 0.7126922324299813,
      "simplicity": 0.9220046544939587,
      "operator_count": 41,
      "parameter_count": 40409,
      "eligible": true,
      "mechanical": 0.3362051654654193,
      "expected_band_mass": 0.11514575028143705
    }
  }
}