{
  "description": "moderate gear-channel and torque bias, low-frequency classes to motor",
  "onnx_path": "runs\\mech_gate_exp014\\mixed_pgb_torque\\model.onnx",
  "parameters": 39689,
  "gates": [
    [
      1.0,
      1.0,
      1.0,
      1.0,
      1.0,
      1.0,
      1.0,
      1.0
    ],
    [
      1.0,
      1.0,
      1.0,
      1.0,
      1.2000000476837158,
      1.2999999523162842,
      1.2999999523162842,
      1.2999999523162842
    ],
    [
      1.0,
      1.0,
      1.0,
      1.0,
      1.2000000476837158,
      1.2999999523162842,
      1.2999999523162842,
      1.2999999523162842
    ],
    [
      1.0,
      1.0,
      1.0,
      1.0,
      1.350000023841858,
      1.2000000476837158,
      1.0,
      1.0
    ],
    [
      1.0,
      1.0,
      1.0,
      1.0,
      1.350000023841858,
      1.2000000476837158,
      1.0,
      1.0
    ],
    [
      1.350000023841858,
      1.0,
      1.0,
      1.0,
      1.0,
      1.0,
      1.149999976158142,
      1.0
    ],
    [
      1.350000023841858,
      1.0,
      1.0,
      1.0,
      1.0,
      1.0,
      1.149999976158142,
      1.0
    ],
    [
      1.0,
      1.0,
      1.0,
      1.0,
      1.350000023841858,
      1.2000000476837158,
      1.0,
      1.0
    ],
    [
      1.350000023841858,
      1.0,
      1.0,
      1.0,
      1.0,
      1.0,
      1.149999976158142,
      1.0
    ]
  ],
  "self_check": {
    "devkit_validation": {
      "valid": true,
      "samples": 8,
      "input_name": "windows",
      "probability_output": "probabilities",
      "relevance_output": "relevance",
      "load_seconds": 0.010629199998220429,
      "inference_seconds": 0.0023560000117868185,
      "probability_sum_min": 0.9999998211860657,
      "probability_sum_max": 1.0,
      "relevance_min": 0.0013198633678257465,
      "relevance_max": 19.71357536315918
    },
    "prob_shape": [
      8,
      9
    ],
    "relevance_shape": [
      8,
      8,
      100
    ],
    "prob_row_sum_range": [
      0.9999998211860657,
      1.0
    ],
    "relevance_min": 0.0013198633678257465
  },
  "public_metrics": {
    "n": 3000,
    "macro_f1": 0.9923999582204964,
    "faith": 0.7421633671969174,
    "deletion_auc": 0.23152408078312875,
    "insertion_auc": 0.7158508151769637,
    "simplicity": 0.9185350883144372,
    "operator_count": 45,
    "parameter_count": 40481,
    "eligible": true,
    "mechanical": null,
    "expected_band_mass": null
  },
  "proxy_metrics": {
    "audit_peaks": {
      "n": 3000,
      "macro_f1": 0.9923999582204964,
      "faith": 0.7421633671969174,
      "deletion_auc": 0.23152408078312875,
      "insertion_auc": 0.7158508151769637,
      "simplicity": 0.9185350883144372,
      "operator_count": 45,
      "parameter_count": 40481,
      "eligible": true,
      "mechanical": 0.4230749297476826,
      "expected_band_mass": 0.23117587704300754
    },
    "audit_peaks_broad": {
      "n": 3000,
      "macro_f1": 0.9923999582204964,
      "faith": 0.7421633671969174,
      "deletion_auc": 0.23152408078312875,
      "insertion_auc": 0.7158508151769637,
      "simplicity": 0.9185350883144372,
      "operator_count": 45,
      "parameter_count": 40481,
      "eligible": true,
      "mechanical": 0.4340690332990662,
      "expected_band_mass": 0.24582528699124467
    },
    "low_frequency": {
      "n": 3000,
      "macro_f1": 0.9923999582204964,
      "faith": 0.7421633671969174,
      "deletion_auc": 0.23152408078312875,
      "insertion_auc": 0.7158508151769637,
      "simplicity": 0.9185350883144372,
      "operator_count": 45,
      "parameter_count": 40481,
      "eligible": true,
      "mechanical": 0.6065460705776986,
      "expected_band_mass": 0.4762515444253798
    },
    "high_mid": {
      "n": 3000,
      "macro_f1": 0.9923999582204964,
      "faith": 0.7421633671969174,
      "deletion_auc": 0.23152408078312875,
      "insertion_auc": 0.7158508151769637,
      "simplicity": 0.9185350883144372,
      "operator_count": 45,
      "parameter_count": 40481,
      "eligible": true,
      "mechanical": 0.33518306868166603,
      "expected_band_mass": 0.11372445490409397
    }
  }
}