{
  "classes": [
    "CTF",
    "MTF",
    "RCF",
    "SWF",
    "IRF"
  ],
  "channel": "torque",
  "onnx_path": "runs\\mech_probes_round2\\probe_quintet_torque\\model.onnx",
  "self_check": {
    "devkit_validation": {
      "valid": true,
      "samples": 8,
      "input_name": "windows",
      "probability_output": "probabilities",
      "relevance_output": "relevance",
      "load_seconds": 0.031137700003455393,
      "inference_seconds": 0.003416399995330721,
      "probability_sum_min": 1.0,
      "probability_sum_max": 1.0,
      "relevance_min": 6.962010957067832e-06,
      "relevance_max": 13.748602867126465
    },
    "prob_shape": [
      8,
      9
    ],
    "relevance_shape": [
      8,
      8,
      100
    ],
    "prob_row_sum_range": [
      1.0,
      1.0
    ],
    "relevance_min": 6.962010957067832e-06,
    "max_abs_prob_diff_vs_torch": 4.163336342344337e-17,
    "max_abs_relevance_diff_vs_torch": 2.384185791015625e-05
  },
  "public_metrics": {
    "n": 3000,
    "macro_f1": 0.9863983960863953,
    "faith": 0.837642578035593,
    "deletion_auc": 0.19994897097349168,
    "insertion_auc": 0.8752341270446777,
    "simplicity": 0.9084745982680427,
    "operator_count": 57,
    "parameter_count": 40506,
    "eligible": true,
    "mechanical": null,
    "expected_band_mass": null
  },
  "proxy_metrics": {
    "audit_peaks": {
      "mechanical": 0.4529490572069559,
      "expected_band_mass": 0.27141973544156606
    },
    "audit_peaks_broad": {
      "mechanical": 0.46266676278144614,
      "expected_band_mass": 0.2843701631916649
    },
    "low_frequency": {
      "mechanical": 0.61871974471249,
      "expected_band_mass": 0.49275591277789044
    },
    "high_mid": {
      "mechanical": 0.34869395068002734,
      "expected_band_mass": 0.13193149147728772
    }
  }
}