{
  "description": "stress test for over-strong low-frequency motor and torque bias",
  "implementation": "direct",
  "onnx_path": "runs\\mech_gate_exp017_scale_hi\\lowfreq_motor_4p0\\model.onnx",
  "parameters": 39689,
  "gates": [
    [
      1.0,
      1.0,
      1.0,
      1.0,
      1.0,
      1.0,
      1.0,
      1.0
    ],
    [
      1.0,
      1.0,
      1.0,
      1.0,
      1.399999976158142,
      1.0,
      1.0,
      1.0
    ],
    [
      1.0,
      1.0,
      1.0,
      1.0,
      1.399999976158142,
      1.0,
      1.0,
      1.0
    ],
    [
      1.0,
      1.0,
      1.0,
      1.0,
      1.399999976158142,
      1.0,
      1.0,
      1.0
    ],
    [
      1.0,
      1.0,
      1.0,
      1.0,
      1.399999976158142,
      1.0,
      1.0,
      1.0
    ],
    [
      4.0,
      1.0,
      1.0,
      1.0,
      1.0,
      1.0,
      1.0,
      1.0
    ],
    [
      4.0,
      1.0,
      1.0,
      1.0,
      1.0,
      1.0,
      1.0,
      1.0
    ],
    [
      1.0,
      1.0,
      1.0,
      1.0,
      1.399999976158142,
      1.0,
      1.0,
      1.0
    ],
    [
      4.0,
      1.0,
      1.0,
      1.0,
      1.0,
      1.0,
      1.0,
      1.0
    ]
  ],
  "self_check": {
    "devkit_validation": {
      "valid": true,
      "samples": 8,
      "input_name": "windows",
      "probability_output": "probabilities",
      "relevance_output": "relevance",
      "load_seconds": 0.0041486000118311495,
      "inference_seconds": 0.000727299993741326,
      "probability_sum_min": 0.9999998211860657,
      "probability_sum_max": 1.0,
      "relevance_min": 0.0013198633678257465,
      "relevance_max": 19.730106353759766
    },
    "prob_shape": [
      8,
      9
    ],
    "relevance_shape": [
      8,
      8,
      100
    ],
    "prob_row_sum_range": [
      0.9999998211860657,
      1.0
    ],
    "relevance_min": 0.0013198633678257465
  },
  "public_metrics": {
    "n": 5000,
    "macro_f1": 0.9887313535248102,
    "faith": 0.7469381883740425,
    "deletion_auc": 0.20862126648426055,
    "insertion_auc": 0.7024976432323455,
    "simplicity": 0.9220046544939587,
    "operator_count": 41,
    "parameter_count": 40409,
    "eligible": true,
    "mechanical": null,
    "expected_band_mass": null
  },
  "proxy_metrics": {
    "audit_peaks": {
      "n": 5000,
      "macro_f1": 0.9887313535248102,
      "faith": 0.7469381883740425,
      "deletion_auc": 0.20862126648426055,
      "insertion_auc": 0.7024976432323455,
      "simplicity": 0.9220046544939587,
      "operator_count": 41,
      "parameter_count": 40409,
      "eligible": true,
      "mechanical": 0.44764427559958386,
      "expected_band_mass": 0.2643471384153425
    },
    "audit_peaks_broad": {
      "n": 5000,
      "macro_f1": 0.9887313535248102,
      "faith": 0.7469381883740425,
      "deletion_auc": 0.20862126648426055,
      "insertion_auc": 0.7024976432323455,
      "simplicity": 0.9220046544939587,
      "operator_count": 41,
      "parameter_count": 40409,
      "eligible": true,
      "mechanical": 0.45790628541529904,
      "expected_band_mass": 0.2780186720339017
    },
    "low_frequency": {
      "n": 5000,
      "macro_f1": 0.9887313535248102,
      "faith": 0.7469381883740425,
      "deletion_auc": 0.20862126648426055,
      "insertion_auc": 0.7024976432323455,
      "simplicity": 0.9220046544939587,
      "operator_count": 41,
      "parameter_count": 40409,
      "eligible": true,
      "mechanical": 0.6322264030902265,
      "expected_band_mass": 0.5109397111406064
    },
    "high_mid": {
      "n": 5000,
      "macro_f1": 0.9887313535248102,
      "faith": 0.7469381883740425,
      "deletion_auc": 0.20862126648426055,
      "insertion_auc": 0.7024976432323455,
      "simplicity": 0.9220046544939587,
      "operator_count": 41,
      "parameter_count": 40409,
      "eligible": true,
      "mechanical": 0.34640050542780015,
      "expected_band_mass": 0.12882633641912572
    }
  }
}