{
  "description": "dynamic focused low-frequency gates: BWF 1.4, CWF 3.4, ORF 4.2, other channels 0.9",
  "implementation": "direct",
  "onnx_path": "runs\\mech_gate_exp023_focus_local\\lowfreq_focus_b1p4_c3p4_o4p2_other0p9\\model.onnx",
  "parameters": 39689,
  "gates": [
    [
      1.0,
      1.0,
      1.0,
      1.0,
      1.0,
      1.0,
      1.0,
      1.0
    ],
    [
      1.0,
      1.0,
      1.0,
      1.0,
      1.0,
      1.0,
      1.0,
      1.0
    ],
    [
      1.0,
      1.0,
      1.0,
      1.0,
      1.0,
      1.0,
      1.0,
      1.0
    ],
    [
      1.0,
      1.0,
      1.0,
      1.0,
      1.0,
      1.0,
      1.0,
      1.0
    ],
    [
      1.0,
      1.0,
      1.0,
      1.0,
      1.0,
      1.0,
      1.0,
      1.0
    ],
    [
      1.399999976158142,
      0.8999999761581421,
      0.8999999761581421,
      0.8999999761581421,
      0.8999999761581421,
      0.8999999761581421,
      0.8999999761581421,
      0.8999999761581421
    ],
    [
      3.4000000953674316,
      0.8999999761581421,
      0.8999999761581421,
      0.8999999761581421,
      0.8999999761581421,
      0.8999999761581421,
      0.8999999761581421,
      0.8999999761581421
    ],
    [
      1.0,
      1.0,
      1.0,
      1.0,
      1.0,
      1.0,
      1.0,
      1.0
    ],
    [
      4.199999809265137,
      0.8999999761581421,
      0.8999999761581421,
      0.8999999761581421,
      0.8999999761581421,
      0.8999999761581421,
      0.8999999761581421,
      0.8999999761581421
    ]
  ],
  "self_check": {
    "devkit_validation": {
      "valid": true,
      "samples": 8,
      "input_name": "windows",
      "probability_output": "probabilities",
      "relevance_output": "relevance",
      "load_seconds": 0.005625899997539818,
      "inference_seconds": 0.0007804000051692128,
      "probability_sum_min": 0.9999998211860657,
      "probability_sum_max": 1.0,
      "relevance_min": 0.001319609466008842,
      "relevance_max": 19.67120361328125
    },
    "prob_shape": [
      8,
      9
    ],
    "relevance_shape": [
      8,
      8,
      100
    ],
    "prob_row_sum_range": [
      0.9999998211860657,
      1.0
    ],
    "relevance_min": 0.001319609466008842
  },
  "public_metrics": {
    "n": 5000,
    "macro_f1": 0.9892873087113174,
    "faith": 0.7537153709679841,
    "deletion_auc": 0.20454505905508996,
    "insertion_auc": 0.7119758009910582,
    "simplicity": 0.9220046544939587,
    "operator_count": 41,
    "parameter_count": 40409,
    "eligible": true,
    "mechanical": null,
    "expected_band_mass": null
  },
  "proxy_metrics": {
    "audit_peaks": {
      "n": 5000,
      "macro_f1": 0.9892873087113174,
      "faith": 0.7537153709679841,
      "deletion_auc": 0.20454505905508996,
      "insertion_auc": 0.7119758009910582,
      "simplicity": 0.9220046544939587,
      "operator_count": 41,
      "parameter_count": 40409,
      "eligible": true,
      "mechanical": 0.43849399248898724,
      "expected_band_mass": 0.25201672886997295
    },
    "audit_peaks_broad": {
      "n": 5000,
      "macro_f1": 0.9892873087113174,
      "faith": 0.7537153709679841,
      "deletion_auc": 0.20454505905508996,
      "insertion_auc": 0.7119758009910582,
      "simplicity": 0.9220046544939587,
      "operator_count": 41,
      "parameter_count": 40409,
      "eligible": true,
      "mechanical": 0.4489599831995289,
      "expected_band_mass": 0.26595973857731053
    },
    "low_frequency": {
      "n": 5000,
      "macro_f1": 0.9892873087113174,
      "faith": 0.7537153709679841,
      "deletion_auc": 0.20454505905508996,
      "insertion_auc": 0.7119758009910582,
      "simplicity": 0.9220046544939587,
      "operator_count": 41,
      "parameter_count": 40409,
      "eligible": true,
      "mechanical": 0.6272322042395755,
      "expected_band_mass": 0.504174282762956
    },
    "high_mid": {
      "n": 5000,
      "macro_f1": 0.9892873087113174,
      "faith": 0.7537153709679841,
      "deletion_auc": 0.20454505905508996,
      "insertion_auc": 0.7119758009910582,
      "simplicity": 0.9220046544939587,
      "operator_count": 41,
      "parameter_count": 40409,
      "eligible": true,
      "mechanical": 0.3430421950735698,
      "expected_band_mass": 0.12432835485372812
    }
  }
}